Level,Kanji,Hiragana,Furigana Format,English Meaning,Romaji,Example
N5,,こんにちは,こんにちは,hello / good afternoon,konnichiwa,"こんにちは、田中さん。 (Hello, Mr. Tanaka.)"
N5,,こんばんは,こんばんは,good evening,konbanwa,"こんばんは、お元気ですか。 (Good evening, how are you?)"
N5,,おはようございます,おはようございます,good morning,ohayou gozaimasu,"おはようございます、先生。 (Good morning, teacher.)"
N5,,さようなら,さようなら,goodbye,sayounara,"さようなら、また明日。 (Goodbye, see you tomorrow.)"
N5,,おやすみなさい,おやすみなさい,good night,oyasuminasai,"おやすみなさい、良い夢を。 (Good night, sweet dreams.)"
N5,,ありがとう,ありがとう,thank you,arigatou,"ありがとう、助かりました。 (Thank you, that helped.)"
N5,,どういたしまして,どういたしまして,you're welcome,dou itashimashite,どういたしまして。 (You're welcome.)
N5,,すみません,すみません,excuse me / sorry,sumimasen,"すみません、駅はどこですか。 (Excuse me, where is the station?)"
N5,,ごめんなさい,ごめんなさい,I'm sorry,gomennasai,"ごめんなさい、遅れました。 (I'm sorry, I'm late.)"
N5,,はじめまして,はじめまして,nice to meet you,hajimemashite,"はじめまして、よろしくお願いします。 (Nice to meet you, please treat me well.)"
N5,,いただきます,いただきます,phrase said before eating,itadakimasu,いただきます。 (Let's eat (said before a meal).)
N5,,ごちそうさま,ごちそうさま,phrase said after eating,gochisousama,ごちそうさまでした。 (That was a delicious meal.)
N5,,いってきます,いってきます,I'm off / I'll go and come back,ittekimasu,いってきます。 (I'm heading out.)
N5,,いってらっしゃい,いってらっしゃい,take care / see you off,itterasshai,いってらっしゃい。 (Take care (to someone leaving).)
N5,,ただいま,ただいま,I'm home,tadaima,ただいま。 (I'm home.)
N5,,おかえりなさい,おかえりなさい,welcome home,okaerinasai,おかえりなさい。 (Welcome home.)
N5,,はい,はい,yes,hai,"はい、そうです。 (Yes, that's right.)"
N5,,いいえ,いいえ,no,iie,"いいえ、違います。 (No, that's wrong.)"
N5,,どうぞ,どうぞ,please / go ahead,douzo,"どうぞ、お先に。 (Please, go ahead.)"
N5,,どうも,どうも,thanks / very,doumo,どうもありがとう。 (Thank you very much.)
N5,私,わたし,私[わたし],I / me,watashi,私は学生です。 (I am a student.)
N5,私たち,わたしたち,私[わたし]たち,we,watashitachi,私たちは友達です。 (We are friends.)
N5,あなた,あなた,あなた,you,anata,あなたの名前は何ですか。 (What is your name?)
N5,彼,かれ,彼[かれ],he / boyfriend,kare,彼は先生です。 (He is a teacher.)
N5,彼女,かのじょ,彼女[かのじょ],she / girlfriend,kanojo,彼女は医者です。 (She is a doctor.)
N5,皆さん,みなさん,皆[みな]さん,everyone,minasan,"皆さん、こんにちは。 (Hello, everyone.)"
N5,人,ひと,人[ひと],person,hito,あの人は誰ですか。 (Who is that person?)
N5,男の人,おとこのひと,男[おとこ]の人[ひと],man,otoko no hito,男の人が立っています。 (A man is standing.)
N5,女の人,おんなのひと,女[おんな]の人[ひと],woman,onna no hito,女の人が歩いています。 (A woman is walking.)
N5,子供,こども,子供[こども],child,kodomo,子供が遊んでいます。 (The child is playing.)
N5,友達,ともだち,友達[ともだち],friend,tomodachi,友達と映画を見ます。 (I'll watch a movie with a friend.)
N5,名前,なまえ,名前[なまえ],name,namae,名前を書いてください。 (Please write your name.)
N5,家族,かぞく,家族[かぞく],family,kazoku,私の家族は四人です。 (My family has four people.)
N5,お父さん,おとうさん,お父[とう]さん,father (someone else's),otousan,お父さんは会社員です。 (His/her father is an office worker.)
N5,父,ちち,父[ちち],my father,chichi,父は医者です。 (My father is a doctor.)
N5,お母さん,おかあさん,お母[かあ]さん,mother (someone else's),okaasan,お母さんは優しいです。 (His/her mother is kind.)
N5,母,はは,母[はは],my mother,haha,母は先生です。 (My mother is a teacher.)
N5,お兄さん,おにいさん,お兄[にい]さん,older brother (someone else's),oniisan,お兄さんは大学生です。 (His/her older brother is a university student.)
N5,兄,あに,兄[あに],my older brother,ani,兄は背が高いです。 (My older brother is tall.)
N5,お姉さん,おねえさん,お姉[ねえ]さん,older sister (someone else's),oneesan,お姉さんは看護師です。 (His/her older sister is a nurse.)
N5,姉,あね,姉[あね],my older sister,ane,姉は料理が上手です。 (My older sister is good at cooking.)
N5,弟,おとうと,弟[おとうと],younger brother,otouto,弟は高校生です。 (My younger brother is a high schooler.)
N5,妹,いもうと,妹[いもうと],younger sister,imouto,妹はまだ小さいです。 (My younger sister is still small.)
N5,おじいさん,おじいさん,おじいさん,grandfather,ojiisan,おじいさんは元気です。 (Grandfather is doing well.)
N5,おばあさん,おばあさん,おばあさん,grandmother,obaasan,おばあさんは優しいです。 (Grandmother is kind.)
N5,両親,りょうしん,両親[りょうしん],parents,ryoushin,両親は東京に住んでいます。 (My parents live in Tokyo.)
N5,兄弟,きょうだい,兄弟[きょうだい],siblings,kyoudai,兄弟は三人います。 (I have three siblings.)
N5,赤ちゃん,あかちゃん,赤[あか]ちゃん,baby,akachan,赤ちゃんが泣いています。 (The baby is crying.)
N5,一,いち,一[いち],one,ichi,一から十まで数えます。 (I'll count from one to ten.)
N5,二,に,二[に],two,ni,二時に会いましょう。 (Let's meet at two o'clock.)
N5,三,さん,三[さん],three,san,三日待ってください。 (Please wait three days.)
N5,四,よん / し,四[よん],four,yon / shi,四月に日本へ行きます。 (I'll go to Japan in April.)
N5,五,ご,五[ご],five,go,五時に起きます。 (I get up at five o'clock.)
N5,六,ろく,六[ろく],six,roku,六月は雨が多いです。 (It rains a lot in June.)
N5,七,なな / しち,七[なな],seven,nana / shichi,七時に晩ご飯を食べます。 (I eat dinner at seven.)
N5,八,はち,八[はち],eight,hachi,八月は暑いです。 (August is hot.)
N5,九,きゅう / く,九[きゅう],nine,kyuu / ku,九時に寝ます。 (I go to bed at nine.)
N5,十,じゅう,十[じゅう],ten,juu,十分待ちました。 (I waited ten minutes.)
N5,百,ひゃく,百[ひゃく],hundred,hyaku,百円のジュースを買いました。 (I bought a 100-yen juice.)
N5,千,せん,千[せん],thousand,sen,千円札を持っています。 (I have a 1000-yen bill.)
N5,万,まん,万[まん],ten thousand,man,一万円かかりました。 (It cost ten thousand yen.)
N5,何,なん / なに,何[なに],what,nani / nan,これは何ですか。 (What is this?)
N5,一つ,ひとつ,一[ひと]つ,one (thing),hitotsu,"りんごを一つください。 (One apple, please.)"
N5,二つ,ふたつ,二[ふた]つ,two (things),futatsu,みかんを二つ食べました。 (I ate two mandarins.)
N5,三つ,みっつ,三[みっ]つ,three (things),mittsu,ケーキを三つ買いました。 (I bought three cakes.)
N5,四つ,よっつ,四[よっ]つ,four (things),yottsu,卵が四つあります。 (There are four eggs.)
N5,五つ,いつつ,五[いつ]つ,five (things),itsutsu,おにぎりを五つ作りました。 (I made five rice balls.)
N5,一人,ひとり,一人[ひとり],one person,hitori,一人で映画を見ます。 (I watch movies alone.)
N5,二人,ふたり,二人[ふたり],two people,futari,"二人で旅行しました。 (We traveled together, the two of us.)"
N5,時間,じかん,時間[じかん],time / hour,jikan,時間がありません。 (There is no time.)
N5,今,いま,今[いま],now,ima,今、何時ですか。 (What time is it now?)
N5,今日,きょう,今日[きょう],today,kyou,今日は晴れです。 (Today is sunny.)
N5,明日,あした,明日[あした],tomorrow,ashita,明日、テストがあります。 (There is a test tomorrow.)
N5,昨日,きのう,昨日[きのう],yesterday,kinou,昨日は忙しかったです。 (I was busy yesterday.)
N5,明後日,あさって,明後日[あさって],day after tomorrow,asatte,明後日、京都へ行きます。 (I'll go to Kyoto the day after tomorrow.)
N5,一昨日,おととい,一昨日[おととい],day before yesterday,ototoi,一昨日、雨が降りました。 (It rained the day before yesterday.)
N5,毎日,まいにち,毎日[まいにち],every day,mainichi,毎日、日本語を勉強します。 (I study Japanese every day.)
N5,今週,こんしゅう,今週[こんしゅう],this week,konshuu,今週は忙しいです。 (This week is busy.)
N5,来週,らいしゅう,来週[らいしゅう],next week,raishuu,来週、旅行に行きます。 (I'll go on a trip next week.)
N5,先週,せんしゅう,先週[せんしゅう],last week,senshuu,先週、映画を見ました。 (I watched a movie last week.)
N5,今月,こんげつ,今月[こんげつ],this month,kongetsu,今月は忙しいです。 (This month is busy.)
N5,来月,らいげつ,来月[らいげつ],next month,raigetsu,来月、誕生日です。 (It's my birthday next month.)
N5,先月,せんげつ,先月[せんげつ],last month,sengetsu,先月、東京へ行きました。 (I went to Tokyo last month.)
N5,今年,ことし,今年[ことし],this year,kotoshi,今年、日本へ行きます。 (I'll go to Japan this year.)
N5,来年,らいねん,来年[らいねん],next year,rainen,来年、大学生になります。 (I'll become a university student next year.)
N5,去年,きょねん,去年[きょねん],last year,kyonen,去年、結婚しました。 (I got married last year.)
N5,朝,あさ,朝[あさ],morning,asa,朝、ジョギングをします。 (I jog in the morning.)
N5,昼,ひる,昼[ひる],noon / daytime,hiru,昼にご飯を食べます。 (I eat lunch at noon.)
N5,夜,よる,夜[よる],night,yoru,夜、本を読みます。 (I read a book at night.)
N5,午前,ごぜん,午前[ごぜん],a.m.,gozen,午前九時に始まります。 (It starts at 9 a.m.)
N5,午後,ごご,午後[ごご],p.m.,gogo,午後三時に会いましょう。 (Let's meet at 3 p.m.)
N5,時,じ,時[じ],o'clock,ji,七時に起きます。 (I wake up at seven.)
N5,分,ふん / ぷん,分[ふん],minute,fun / pun,五分待ってください。 (Please wait five minutes.)
N5,週間,しゅうかん,週間[しゅうかん],week (duration),shuukan,一週間、休みます。 (I'll rest for one week.)
N5,月,つき,月[つき],moon / month,tsuki,月がきれいです。 (The moon is beautiful.)
N5,年,とし,年[とし],year,toshi,今年は忙しいです。 (This year is busy.)
N5,誕生日,たんじょうび,誕生日[たんじょうび],birthday,tanjoubi,誕生日おめでとう。 (Happy birthday.)
N5,休み,やすみ,休[やす]み,holiday / break,yasumi,今日は休みです。 (Today is a day off.)
N5,週末,しゅうまつ,週末[しゅうまつ],weekend,shuumatsu,週末は家にいます。 (I stay home on weekends.)
N5,月曜日,げつようび,月曜日[げつようび],Monday,getsuyoubi,月曜日から学校です。 (School starts from Monday.)
N5,火曜日,かようび,火曜日[かようび],Tuesday,kayoubi,火曜日にテストがあります。 (There is a test on Tuesday.)
N5,水曜日,すいようび,水曜日[すいようび],Wednesday,suiyoubi,水曜日は休みです。 (Wednesday is a holiday.)
N5,木曜日,もくようび,木曜日[もくようび],Thursday,mokuyoubi,木曜日に会いましょう。 (Let's meet on Thursday.)
N5,金曜日,きんようび,金曜日[きんようび],Friday,kinyoubi,金曜日の夜は忙しいです。 (Friday night is busy.)
N5,土曜日,どようび,土曜日[どようび],Saturday,doyoubi,土曜日は買い物に行きます。 (I go shopping on Saturday.)
N5,日曜日,にちようび,日曜日[にちようび],Sunday,nichiyoubi,日曜日はゆっくりします。 (I relax on Sunday.)
N5,学校,がっこう,学校[がっこう],school,gakkou,毎日学校へ行きます。 (I go to school every day.)
N5,大学,だいがく,大学[だいがく],university,daigaku,大学で経済を勉強します。 (I study economics at university.)
N5,病院,びょういん,病院[びょういん],hospital,byouin,病院で薬をもらいました。 (I got medicine at the hospital.)
N5,銀行,ぎんこう,銀行[ぎんこう],bank,ginkou,銀行でお金をおろします。 (I withdraw money at the bank.)
N5,郵便局,ゆうびんきょく,郵便局[ゆうびんきょく],post office,yuubinkyoku,郵便局で切手を買います。 (I buy stamps at the post office.)
N5,図書館,としょかん,図書館[としょかん],library,toshokan,図書館で本を借ります。 (I borrow books at the library.)
N5,駅,えき,駅[えき],station,eki,駅まで歩きます。 (I walk to the station.)
N5,空港,くうこう,空港[くうこう],airport,kuukou,空港でチェックインします。 (I check in at the airport.)
N5,会社,かいしゃ,会社[かいしゃ],company,kaisha,会社で働いています。 (I work at a company.)
N5,店,みせ,店[みせ],shop,mise,店で服を買いました。 (I bought clothes at the shop.)
N5,デパート,デパート,デパート,department store,depaato,デパートで買い物をします。 (I shop at the department store.)
N5,スーパー,スーパー,スーパー,supermarket,suupaa,スーパーで野菜を買います。 (I buy vegetables at the supermarket.)
N5,レストラン,レストラン,レストラン,restaurant,resutoran,レストランで食事します。 (I eat a meal at the restaurant.)
N5,喫茶店,きっさてん,喫茶店[きっさてん],coffee shop,kissaten,喫茶店でコーヒーを飲みます。 (I drink coffee at the coffee shop.)
N5,公園,こうえん,公園[こうえん],park,kouen,公園で散歩します。 (I take a walk in the park.)
N5,映画館,えいがかん,映画館[えいがかん],movie theater,eigakan,映画館で映画を見ます。 (I watch a movie at the theater.)
N5,家,いえ,家[いえ],house / home,ie,家で勉強します。 (I study at home.)
N5,部屋,へや,部屋[へや],room,heya,部屋を掃除します。 (I clean the room.)
N5,トイレ,トイレ,トイレ,toilet,toire,トイレはどこですか。 (Where is the toilet?)
N5,お手洗い,おてあらい,お手洗[てあら]い,restroom,otearai,お手洗いを借りてもいいですか。 (May I use the restroom?)
N5,国,くに,国[くに],country,kuni,どの国から来ましたか。 (Which country are you from?)
N5,外国,がいこく,外国[がいこく],foreign country,gaikoku,外国へ行ったことがあります。 (I have been to a foreign country.)
N5,町,まち,町[まち],town,machi,この町は静かです。 (This town is quiet.)
N5,道,みち,道[みち],road / street,michi,道が分かりません。 (I don't know the way.)
N5,入り口,いりぐち,入[い]り口[ぐち],entrance,iriguchi,入り口はあちらです。 (The entrance is over there.)
N5,出口,でぐち,出口[でぐち],exit,deguchi,出口を探しています。 (I'm looking for the exit.)
N5,教室,きょうしつ,教室[きょうしつ],classroom,kyoushitsu,教室で勉強します。 (I study in the classroom.)
N5,台所,だいどころ,台所[だいどころ],kitchen,daidokoro,台所で料理をします。 (I cook in the kitchen.)
N5,学生,がくせい,学生[がくせい],student,gakusei,彼は大学の学生です。 (He is a university student.)
N5,先生,せんせい,先生[せんせい],teacher,sensei,先生に質問します。 (I ask the teacher a question.)
N5,勉強,べんきょう,勉強[べんきょう],study,benkyou,毎晩、勉強します。 (I study every night.)
N5,本,ほん,本[ほん],book,hon,本を読みます。 (I read a book.)
N5,辞書,じしょ,辞書[じしょ],dictionary,jisho,辞書で言葉を調べます。 (I look up words in a dictionary.)
N5,ノート,ノート,ノート,notebook,nooto,ノートに書きます。 (I write in a notebook.)
N5,鉛筆,えんぴつ,鉛筆[えんぴつ],pencil,enpitsu,鉛筆で書きます。 (I write with a pencil.)
N5,ペン,ペン,ペン,pen,pen,ペンを貸してください。 (Please lend me a pen.)
N5,紙,かみ,紙[かみ],paper,kami,紙に名前を書きます。 (I write my name on the paper.)
N5,机,つくえ,机[つくえ],desk,tsukue,机の上に本があります。 (There is a book on the desk.)
N5,椅子,いす,椅子[いす],chair,isu,椅子に座ります。 (I sit on the chair.)
N5,試験,しけん,試験[しけん],exam,shiken,明日、試験があります。 (There is an exam tomorrow.)
N5,問題,もんだい,問題[もんだい],problem / question,mondai,問題が難しいです。 (The problem is difficult.)
N5,宿題,しゅくだい,宿題[しゅくだい],homework,shukudai,宿題をしなければなりません。 (I have to do homework.)
N5,言葉,ことば,言葉[ことば],word / language,kotoba,新しい言葉を覚えます。 (I memorize new words.)
N5,漢字,かんじ,漢字[かんじ],kanji,kanji,漢字を勉強します。 (I study kanji.)
N5,日本語,にほんご,日本語[にほんご],Japanese language,nihongo,日本語を話します。 (I speak Japanese.)
N5,英語,えいご,英語[えいご],English language,eigo,英語を教えています。 (I teach English.)
N5,クラス,クラス,クラス,class,kurasu,クラスは楽しいです。 (The class is fun.)
N5,行く,いく,行[い]く,to go,iku,学校へ行きます。 (I go to school.)
N5,来る,くる,来[く]る,to come,kuru,友達が来ます。 (A friend is coming.)
N5,帰る,かえる,帰[かえ]る,to return / go home,kaeru,六時に帰ります。 (I go home at six.)
N5,食べる,たべる,食[た]べる,to eat,taberu,朝ご飯を食べます。 (I eat breakfast.)
N5,飲む,のむ,飲[の]む,to drink,nomu,水を飲みます。 (I drink water.)
N5,見る,みる,見[み]る,to see / watch,miru,テレビを見ます。 (I watch TV.)
N5,聞く,きく,聞[き]く,to listen / ask,kiku,音楽を聞きます。 (I listen to music.)
N5,話す,はなす,話[はな]す,to speak,hanasu,友達と話します。 (I talk with a friend.)
N5,読む,よむ,読[よ]む,to read,yomu,新聞を読みます。 (I read the newspaper.)
N5,書く,かく,書[か]く,to write,kaku,手紙を書きます。 (I write a letter.)
N5,買う,かう,買[か]う,to buy,kau,服を買います。 (I buy clothes.)
N5,売る,うる,売[う]る,to sell,uru,野菜を売ります。 (I sell vegetables.)
N5,使う,つかう,使[つか]う,to use,tsukau,パソコンを使います。 (I use a computer.)
N5,作る,つくる,作[つく]る,to make,tsukuru,料理を作ります。 (I make food.)
N5,待つ,まつ,待[ま]つ,to wait,matsu,友達を待ちます。 (I wait for a friend.)
N5,会う,あう,会[あ]う,to meet,au,友達に会います。 (I meet a friend.)
N5,立つ,たつ,立[た]つ,to stand,tatsu,ここに立ってください。 (Please stand here.)
N5,座る,すわる,座[すわ]る,to sit,suwaru,椅子に座ります。 (I sit on a chair.)
N5,寝る,ねる,寝[ね]る,to sleep,neru,十時に寝ます。 (I sleep at ten.)
N5,起きる,おきる,起[お]きる,to wake up,okiru,六時に起きます。 (I wake up at six.)
N5,働く,はたらく,働[はたら]く,to work,hataraku,会社で働きます。 (I work at a company.)
N5,休む,やすむ,休[やす]む,to rest / be absent,yasumu,今日は休みます。 (I'll rest today.)
N5,習う,ならう,習[なら]う,to learn,narau,日本語を習います。 (I learn Japanese.)
N5,教える,おしえる,教[おし]える,to teach,oshieru,英語を教えます。 (I teach English.)
N5,分かる,わかる,分[わ]かる,to understand,wakaru,意味が分かります。 (I understand the meaning.)
N5,知る,しる,知[し]る,to know,shiru,その人を知っています。 (I know that person.)
N5,忘れる,わすれる,忘[わす]れる,to forget,wasureru,名前を忘れました。 (I forgot the name.)
N5,思う,おもう,思[おも]う,to think,omou,そう思います。 (I think so.)
N5,入る,はいる,入[はい]る,to enter,hairu,部屋に入ります。 (I enter the room.)
N5,出る,でる,出[で]る,to go out / leave,deru,家を出ます。 (I leave the house.)
N5,開ける,あける,開[あ]ける,to open (something),akeru,窓を開けます。 (I open the window.)
N5,閉める,しめる,閉[し]める,to close (something),shimeru,ドアを閉めます。 (I close the door.)
N5,始まる,はじまる,始[はじ]まる,to begin (intransitive),hajimaru,授業が始まります。 (Class begins.)
N5,終わる,おわる,終[お]わる,to end,owaru,仕事が終わります。 (Work ends.)
N5,走る,はしる,走[はし]る,to run,hashiru,毎朝走ります。 (I run every morning.)
N5,歩く,あるく,歩[ある]く,to walk,aruku,駅まで歩きます。 (I walk to the station.)
N5,乗る,のる,乗[の]る,to ride / board,noru,バスに乗ります。 (I ride the bus.)
N5,降りる,おりる,降[お]りる,to get off,oriru,次の駅で降ります。 (I get off at the next station.)
N5,洗う,あらう,洗[あら]う,to wash,arau,手を洗います。 (I wash my hands.)
N5,切る,きる,切[き]る,to cut,kiru,野菜を切ります。 (I cut vegetables.)
N5,持つ,もつ,持[も]つ,to hold / have,motsu,傘を持っています。 (I have an umbrella.)
N5,取る,とる,取[と]る,to take,toru,写真を取ります。 (I take a photo.)
N5,出す,だす,出[だ]す,to take out / submit,dasu,手紙を出します。 (I send a letter.)
N5,入れる,いれる,入[い]れる,to put in,ireru,砂糖を入れます。 (I put in sugar.)
N5,死ぬ,しぬ,死[し]ぬ,to die,shinu,犬が死にました。 (The dog died.)
N5,言う,いう,言[い]う,to say,iu,名前を言います。 (I say my name.)
N5,笑う,わらう,笑[わら]う,to laugh,warau,子供が笑います。 (The child laughs.)
N5,泣く,なく,泣[な]く,to cry,naku,赤ちゃんが泣きます。 (The baby cries.)
N5,歌う,うたう,歌[うた]う,to sing,utau,歌を歌います。 (I sing a song.)
N5,撮る,とる,撮[と]る,to take (a photo),toru,写真を撮ります。 (I take a photo.)
N5,貸す,かす,貸[か]す,to lend,kasu,本を貸します。 (I lend a book.)
N5,借りる,かりる,借[か]りる,to borrow,kariru,お金を借ります。 (I borrow money.)
N5,送る,おくる,送[おく]る,to send,okuru,メールを送ります。 (I send an email.)
N5,もらう,もらう,もらう,to receive,morau,プレゼントをもらいました。 (I received a present.)
N5,あげる,あげる,あげる,to give,ageru,花をあげます。 (I give flowers.)
N5,くれる,くれる,くれる,to give (to me),kureru,友達がくれました。 (A friend gave it to me.)
N5,できる,できる,できる,to be able to,dekiru,泳ぐことができます。 (I can swim.)
N5,する,する,する,to do,suru,宿題をします。 (I do homework.)
N5,ある,ある,ある,to exist (things),aru,机の上に本があります。 (There is a book on the desk.)
N5,いる,いる,いる,to exist (living things),iru,部屋に猫がいます。 (There is a cat in the room.)
N5,なる,なる,なる,to become,naru,先生になりました。 (I became a teacher.)
N5,かかる,かかる,かかる,to take (time/money),kakaru,一時間かかります。 (It takes one hour.)
N5,違う,ちがう,違[ちが]う,to be different / wrong,chigau,それは違います。 (That is wrong.)
N5,要る,いる,要[い]る,to need,iru,お金が要ります。 (I need money.)
N5,急ぐ,いそぐ,急[いそ]ぐ,to hurry,isogu,急いでください。 (Please hurry.)
N5,困る,こまる,困[こま]る,to be troubled,komaru,お金がなくて困っています。 (I'm troubled because I have no money.)
N5,住む,すむ,住[す]む,to live (reside),sumu,東京に住んでいます。 (I live in Tokyo.)
N5,散歩する,さんぽする,散歩[さんぽ]する,to take a walk,sanpo suru,公園を散歩します。 (I take a walk in the park.)
N5,料理する,りょうりする,料理[りょうり]する,to cook,ryouri suru,毎日料理します。 (I cook every day.)
N5,練習する,れんしゅうする,練習[れんしゅう]する,to practice,renshuu suru,ピアノを練習します。 (I practice piano.)
N5,旅行する,りょこうする,旅行[りょこう]する,to travel,ryokou suru,夏に旅行します。 (I travel in summer.)
N5,結婚する,けっこんする,結婚[けっこん]する,to marry,kekkon suru,来年結婚します。 (I'll get married next year.)
N5,洗濯する,せんたくする,洗濯[せんたく]する,to do laundry,sentaku suru,週末に洗濯します。 (I do laundry on weekends.)
N5,掃除する,そうじする,掃除[そうじ]する,to clean,souji suru,部屋を掃除します。 (I clean my room.)
N5,運動する,うんどうする,運動[うんどう]する,to exercise,undou suru,毎朝運動します。 (I exercise every morning.)
N5,質問する,しつもんする,質問[しつもん]する,to ask a question,shitsumon suru,先生に質問します。 (I ask the teacher a question.)
N5,電話する,でんわする,電話[でんわ]する,to phone,denwa suru,友達に電話します。 (I call a friend.)
N5,勉強する,べんきょうする,勉強[べんきょう]する,to study,benkyou suru,日本語を勉強します。 (I study Japanese.)
N5,買い物する,かいものする,買[か]い物[もの]する,to shop,kaimono suru,デパートで買い物します。 (I shop at the department store.)
N5,仕事する,しごとする,仕事[しごと]する,to work,shigoto suru,毎日仕事します。 (I work every day.)
N5,大きい,おおきい,大[おお]きい,big,ookii,この家は大きいです。 (This house is big.)
N5,小さい,ちいさい,小[ちい]さい,small,chiisai,猫は小さいです。 (The cat is small.)
N5,新しい,あたらしい,新[あたら]しい,new,atarashii,新しい車を買いました。 (I bought a new car.)
N5,古い,ふるい,古[ふる]い,old (things),furui,古い本があります。 (There is an old book.)
N5,良い,いい / よい,良[い]い,good,ii / yoi,天気がいいです。 (The weather is good.)
N5,悪い,わるい,悪[わる]い,bad,warui,天気が悪いです。 (The weather is bad.)
N5,高い,たかい,高[たか]い,tall / expensive / high,takai,この時計は高いです。 (This watch is expensive.)
N5,安い,やすい,安[やす]い,cheap,yasui,この店は安いです。 (This shop is cheap.)
N5,低い,ひくい,低[ひく]い,low / short,hikui,山が低いです。 (The mountain is low.)
N5,長い,ながい,長[なが]い,long,nagai,髪が長いです。 (The hair is long.)
N5,短い,みじかい,短[みじか]い,short,mijikai,スカートが短いです。 (The skirt is short.)
N5,多い,おおい,多[おお]い,many,ooi,学生が多いです。 (There are many students.)
N5,少ない,すくない,少[すく]ない,few,sukunai,お金が少ないです。 (I have little money.)
N5,暑い,あつい,暑[あつ]い,hot (weather),atsui,今日は暑いです。 (Today is hot.)
N5,寒い,さむい,寒[さむ]い,cold (weather),samui,冬は寒いです。 (Winter is cold.)
N5,暖かい,あたたかい,暖[あたた]かい,warm,atatakai,春は暖かいです。 (Spring is warm.)
N5,涼しい,すずしい,涼[すず]しい,cool,suzushii,秋は涼しいです。 (Autumn is cool.)
N5,熱い,あつい,熱[あつ]い,hot (to touch),atsui,お茶が熱いです。 (The tea is hot.)
N5,冷たい,つめたい,冷[つめ]たい,cold (to touch),tsumetai,水が冷たいです。 (The water is cold.)
N5,忙しい,いそがしい,忙[いそが]しい,busy,isogashii,毎日忙しいです。 (I'm busy every day.)
N5,暇,ひま,暇[ひま],free (time),hima,今日は暇です。 (I'm free today.)
N5,難しい,むずかしい,難[むずか]しい,difficult,muzukashii,この問題は難しいです。 (This problem is difficult.)
N5,易しい,やさしい,易[やさ]しい,easy,yasashii,この本は易しいです。 (This book is easy.)
N5,面白い,おもしろい,面白[おもしろ]い,interesting / funny,omoshiroi,この映画は面白いです。 (This movie is interesting.)
N5,つまらない,つまらない,つまらない,boring,tsumaranai,この授業はつまらないです。 (This class is boring.)
N5,楽しい,たのしい,楽[たの]しい,fun,tanoshii,旅行は楽しいです。 (The trip is fun.)
N5,嬉しい,うれしい,嬉[うれ]しい,happy / glad,ureshii,会えて嬉しいです。 (I'm glad to see you.)
N5,悲しい,かなしい,悲[かな]しい,sad,kanashii,その話は悲しいです。 (That story is sad.)
N5,痛い,いたい,痛[いた]い,painful,itai,頭が痛いです。 (My head hurts.)
N5,美味しい,おいしい,美味[おい]しい,delicious,oishii,この料理は美味しいです。 (This dish is delicious.)
N5,まずい,まずい,まずい,not tasty,mazui,この薬はまずいです。 (This medicine tastes bad.)
N5,甘い,あまい,甘[あま]い,sweet,amai,ケーキは甘いです。 (The cake is sweet.)
N5,辛い,からい,辛[から]い,spicy,karai,カレーは辛いです。 (The curry is spicy.)
N5,重い,おもい,重[おも]い,heavy,omoi,荷物が重いです。 (The luggage is heavy.)
N5,軽い,かるい,軽[かる]い,light (weight),karui,このかばんは軽いです。 (This bag is light.)
N5,強い,つよい,強[つよ]い,strong,tsuyoi,風が強いです。 (The wind is strong.)
N5,弱い,よわい,弱[よわ]い,weak,yowai,彼は体が弱いです。 (He is physically weak.)
N5,速い,はやい,速[はや]い,fast,hayai,新幹線は速いです。 (The bullet train is fast.)
N5,遅い,おそい,遅[おそ]い,slow / late,osoi,バスが遅いです。 (The bus is slow.)
N5,近い,ちかい,近[ちか]い,near,chikai,駅は近いです。 (The station is near.)
N5,遠い,とおい,遠[とお]い,far,tooi,学校は遠いです。 (The school is far.)
N5,明るい,あかるい,明[あか]るい,bright,akarui,部屋は明るいです。 (The room is bright.)
N5,暗い,くらい,暗[くら]い,dark,kurai,夜は暗いです。 (The night is dark.)
N5,広い,ひろい,広[ひろ]い,wide / spacious,hiroi,公園は広いです。 (The park is spacious.)
N5,狭い,せまい,狭[せま]い,narrow / cramped,semai,部屋が狭いです。 (The room is cramped.)
N5,汚い,きたない,汚[きたな]い,dirty,kitanai,部屋が汚いです。 (The room is dirty.)
N5,危ない,あぶない,危[あぶ]ない,dangerous,abunai,その道は危ないです。 (That road is dangerous.)
N5,若い,わかい,若[わか]い,young,wakai,彼は若いです。 (He is young.)
N5,欲しい,ほしい,欲[ほ]しい,wanted / desired,hoshii,新しい靴が欲しいです。 (I want new shoes.)
N5,眠い,ねむい,眠[ねむ]い,sleepy,nemui,今、眠いです。 (I'm sleepy now.)
N5,元気,げんき,元気[げんき],healthy / energetic,genki,元気ですか。 (Are you doing well?)
N5,きれい,きれい,きれい,pretty / clean,kirei,花がきれいです。 (The flowers are pretty.)
N5,静か,しずか,静[しず]か,quiet,shizuka,図書館は静かです。 (The library is quiet.)
N5,賑やか,にぎやか,賑[にぎ]やか,lively,nigiyaka,この町は賑やかです。 (This town is lively.)
N5,便利,べんり,便利[べんり],convenient,benri,この道具は便利です。 (This tool is convenient.)
N5,不便,ふべん,不便[ふべん],inconvenient,fuben,ここは不便です。 (This place is inconvenient.)
N5,有名,ゆうめい,有名[ゆうめい],famous,yuumei,彼は有名です。 (He is famous.)
N5,親切,しんせつ,親切[しんせつ],kind,shinsetsu,彼女は親切です。 (She is kind.)
N5,大切,たいせつ,大切[たいせつ],important,taisetsu,家族は大切です。 (Family is important.)
N5,大丈夫,だいじょうぶ,大丈夫[だいじょうぶ],alright / okay,daijoubu,大丈夫ですか。 (Are you okay?)
N5,上手,じょうず,上手[じょうず],skillful,jouzu,彼は料理が上手です。 (He is good at cooking.)
N5,下手,へた,下手[へた],unskillful,heta,歌が下手です。 (I'm bad at singing.)
N5,好き,すき,好[す]き,liked / favorite,suki,音楽が好きです。 (I like music.)
N5,嫌い,きらい,嫌[きら]い,disliked,kirai,野菜が嫌いです。 (I dislike vegetables.)
N5,同じ,おなじ,同[おな]じ,same,onaji,これは同じです。 (This is the same.)
N5,色々,いろいろ,色々[いろいろ],various,iroiro,色々な国へ行きました。 (I've been to various countries.)
N5,簡単,かんたん,簡単[かんたん],simple / easy,kantan,この料理は簡単です。 (This dish is simple.)
N5,複雑,ふくざつ,複雑[ふくざつ],complicated,fukuzatsu,この問題は複雑です。 (This problem is complicated.)
N5,特別,とくべつ,特別[とくべつ],special,tokubetsu,今日は特別な日です。 (Today is a special day.)
N5,必要,ひつよう,必要[ひつよう],necessary,hitsuyou,水が必要です。 (Water is necessary.)
N5,ご飯,ごはん,ご飯[はん],rice / meal,gohan,ご飯を食べます。 (I eat a meal.)
N5,パン,パン,パン,bread,pan,朝パンを食べます。 (I eat bread in the morning.)
N5,水,みず,水[みず],water,mizu,水を飲みます。 (I drink water.)
N5,お茶,おちゃ,お茶[ちゃ],tea,ocha,お茶を飲みます。 (I drink tea.)
N5,コーヒー,コーヒー,コーヒー,coffee,koohii,コーヒーが好きです。 (I like coffee.)
N5,牛乳,ぎゅうにゅう,牛乳[ぎゅうにゅう],milk,gyuunyuu,牛乳を飲みます。 (I drink milk.)
N5,肉,にく,肉[にく],meat,niku,肉を食べます。 (I eat meat.)
N5,魚,さかな,魚[さかな],fish,sakana,魚が好きです。 (I like fish.)
N5,野菜,やさい,野菜[やさい],vegetable,yasai,野菜を食べます。 (I eat vegetables.)
N5,果物,くだもの,果物[くだもの],fruit,kudamono,果物を買います。 (I buy fruit.)
N5,卵,たまご,卵[たまご],egg,tamago,卵を食べます。 (I eat an egg.)
N5,塩,しお,塩[しお],salt,shio,塩を入れます。 (I add salt.)
N5,砂糖,さとう,砂糖[さとう],sugar,satou,砂糖を入れます。 (I add sugar.)
N5,料理,りょうり,料理[りょうり],cooking / dish,ryouri,日本料理が好きです。 (I like Japanese food.)
N5,朝ご飯,あさごはん,朝[あさ]ご飯[はん],breakfast,asagohan,朝ご飯を食べました。 (I ate breakfast.)
N5,昼ご飯,ひるごはん,昼[ひる]ご飯[はん],lunch,hirugohan,昼ご飯は麺です。 (Lunch is noodles.)
N5,晩ご飯,ばんごはん,晩[ばん]ご飯[はん],dinner,bangohan,晩ご飯を作ります。 (I make dinner.)
N5,お菓子,おかし,お菓子[かし],sweets,okashi,お菓子を食べます。 (I eat sweets.)
N5,ケーキ,ケーキ,ケーキ,cake,keeki,ケーキを買いました。 (I bought a cake.)
N5,お酒,おさけ,お酒[さけ],alcohol,osake,お酒を飲みません。 (I don't drink alcohol.)
N5,体,からだ,体[からだ],body,karada,体が大きいです。 (The body is big.)
N5,頭,あたま,頭[あたま],head,atama,頭が痛いです。 (My head hurts.)
N5,顔,かお,顔[かお],face,kao,顔を洗います。 (I wash my face.)
N5,目,め,目[め],eye,me,目が大きいです。 (The eyes are big.)
N5,耳,みみ,耳[みみ],ear,mimi,耳が痛いです。 (My ear hurts.)
N5,口,くち,口[くち],mouth,kuchi,口を開けます。 (I open my mouth.)
N5,鼻,はな,鼻[はな],nose,hana,鼻が高いです。 (The nose is tall.)
N5,手,て,手[て],hand,te,手を洗います。 (I wash my hands.)
N5,足,あし,足[あし],foot / leg,ashi,足が痛いです。 (My leg hurts.)
N5,お腹,おなか,お腹[なか],stomach,onaka,お腹がすきました。 (I'm hungry.)
N5,背中,せなか,背中[せなか],back (body),senaka,背中が痛いです。 (My back hurts.)
N5,髪,かみ,髪[かみ],hair,kami,髪が長いです。 (The hair is long.)
N5,歯,は,歯[は],tooth,ha,歯を磨きます。 (I brush my teeth.)
N5,声,こえ,声[こえ],voice,koe,声が大きいです。 (The voice is loud.)
N5,天気,てんき,天気[てんき],weather,tenki,今日は天気がいいです。 (The weather is good today.)
N5,雨,あめ,雨[あめ],rain,ame,雨が降っています。 (It is raining.)
N5,雪,ゆき,雪[ゆき],snow,yuki,雪が降っています。 (It is snowing.)
N5,風,かぜ,風[かぜ],wind,kaze,風が強いです。 (The wind is strong.)
N5,空,そら,空[そら],sky,sora,空が青いです。 (The sky is blue.)
N5,太陽,たいよう,太陽[たいよう],sun,taiyou,太陽が出ています。 (The sun is out.)
N5,山,やま,山[やま],mountain,yama,山に登ります。 (I climb the mountain.)
N5,川,かわ,川[かわ],river,kawa,川で泳ぎます。 (I swim in the river.)
N5,海,うみ,海[うみ],sea,umi,海へ行きます。 (I go to the sea.)
N5,木,き,木[き],tree,ki,木の下で休みます。 (I rest under the tree.)
N5,花,はな,花[はな],flower,hana,花がきれいです。 (The flowers are pretty.)
N5,春,はる,春[はる],spring,haru,春は暖かいです。 (Spring is warm.)
N5,夏,なつ,夏[なつ],summer,natsu,夏は暑いです。 (Summer is hot.)
N5,秋,あき,秋[あき],autumn,aki,秋は涼しいです。 (Autumn is cool.)
N5,冬,ふゆ,冬[ふゆ],winter,fuyu,冬は寒いです。 (Winter is cold.)
N5,動物,どうぶつ,動物[どうぶつ],animal,doubutsu,動物が好きです。 (I like animals.)
N5,犬,いぬ,犬[いぬ],dog,inu,犬を飼っています。 (I keep a dog.)
N5,猫,ねこ,猫[ねこ],cat,neko,猫がかわいいです。 (The cat is cute.)
N5,鳥,とり,鳥[とり],bird,tori,鳥が飛んでいます。 (A bird is flying.)
N5,色,いろ,色[いろ],color,iro,この色が好きです。 (I like this color.)
N5,赤,あか,赤[あか],red,aka,赤い車です。 (It's a red car.)
N5,青,あお,青[あお],blue,ao,空は青いです。 (The sky is blue.)
N5,黄色,きいろ,黄色[きいろ],yellow,kiiro,バナナは黄色です。 (The banana is yellow.)
N5,白,しろ,白[しろ],white,shiro,雪は白いです。 (Snow is white.)
N5,黒,くろ,黒[くろ],black,kuro,猫は黒いです。 (The cat is black.)
N5,緑,みどり,緑[みどり],green,midori,葉は緑です。 (The leaves are green.)
N5,電車,でんしゃ,電車[でんしゃ],train,densha,電車で行きます。 (I go by train.)
N5,バス,バス,バス,bus,basu,バスに乗ります。 (I ride the bus.)
N5,車,くるま,車[くるま],car,kuruma,車で来ました。 (I came by car.)
N5,自転車,じてんしゃ,自転車[じてんしゃ],bicycle,jitensha,自転車に乗ります。 (I ride a bicycle.)
N5,タクシー,タクシー,タクシー,taxi,takushii,タクシーを呼びます。 (I call a taxi.)
N5,飛行機,ひこうき,飛行機[ひこうき],airplane,hikouki,飛行機で行きます。 (I go by plane.)
N5,船,ふね,船[ふね],boat / ship,fune,船で旅行します。 (I travel by ship.)
N5,服,ふく,服[ふく],clothes,fuku,新しい服を買いました。 (I bought new clothes.)
N5,靴,くつ,靴[くつ],shoes,kutsu,靴を履きます。 (I put on shoes.)
N5,帽子,ぼうし,帽子[ぼうし],hat,boushi,帽子をかぶります。 (I wear a hat.)
N5,かばん,かばん,かばん,bag,kaban,かばんを持ちます。 (I carry a bag.)
N5,眼鏡,めがね,眼鏡[めがね],glasses,megane,眼鏡をかけます。 (I wear glasses.)
N5,時計,とけい,時計[とけい],watch / clock,tokei,時計を見ます。 (I look at the clock.)
N5,窓,まど,窓[まど],window,mado,窓を開けます。 (I open the window.)
N5,ドア,ドア,ドア,door,doa,ドアを閉めます。 (I close the door.)
N5,電気,でんき,電気[でんき],electricity / light,denki,電気をつけます。 (I turn on the light.)
N5,電話,でんわ,電話[でんわ],telephone,denwa,電話をかけます。 (I make a phone call.)
N5,テレビ,テレビ,テレビ,television,terebi,テレビを見ます。 (I watch TV.)
N5,冷蔵庫,れいぞうこ,冷蔵庫[れいぞうこ],refrigerator,reizouko,冷蔵庫に牛乳があります。 (There is milk in the fridge.)
N5,ベッド,ベッド,ベッド,bed,beddo,ベッドで寝ます。 (I sleep in the bed.)
N5,鍵,かぎ,鍵[かぎ],key,kagi,鍵をなくしました。 (I lost my key.)
N5,お金,おかね,お金[かね],money,okane,お金がありません。 (I have no money.)
N5,財布,さいふ,財布[さいふ],wallet,saifu,財布を忘れました。 (I forgot my wallet.)
N5,傘,かさ,傘[かさ],umbrella,kasa,傘を持っています。 (I have an umbrella.)
N5,写真,しゃしん,写真[しゃしん],photo,shashin,写真を撮ります。 (I take a photo.)
N5,荷物,にもつ,荷物[にもつ],luggage,nimotsu,荷物が重いです。 (The luggage is heavy.)
N5,手紙,てがみ,手紙[てがみ],letter,tegami,手紙を書きます。 (I write a letter.)
N5,新聞,しんぶん,新聞[しんぶん],newspaper,shinbun,新聞を読みます。 (I read the newspaper.)
N5,いつ,いつ,いつ,when,itsu,いつ来ますか。 (When will you come?)
N5,どこ,どこ,どこ,where,doko,どこに行きますか。 (Where are you going?)
N5,誰,だれ,誰[だれ],who,dare,誰が来ますか。 (Who is coming?)
N5,どう,どう,どう,how,dou,どう思いますか。 (What do you think?)
N5,どうして,どうして,どうして,why,doushite,どうして遅れましたか。 (Why were you late?)
N5,どれ,どれ,どれ,which (of many),dore,どれが好きですか。 (Which one do you like?)
N5,どの,どの,どの,which (+noun),dono,どの本が好きですか。 (Which book do you like?)
N5,いくら,いくら,いくら,how much (price),ikura,これはいくらですか。 (How much is this?)
N5,いくつ,いくつ,いくつ,how many / what age,ikutsu,りんごはいくつですか。 (How many apples?)
N5,とても,とても,とても,very,totemo,とても暑いです。 (It's very hot.)
N5,少し,すこし,少[すこ]し,a little,sukoshi,少し休みます。 (I'll rest a little.)
N5,たくさん,たくさん,たくさん,a lot,takusan,本がたくさんあります。 (There are a lot of books.)
N5,よく,よく,よく,often / well,yoku,よく映画を見ます。 (I often watch movies.)
N5,時々,ときどき,時々[ときどき],sometimes,tokidoki,時々散歩します。 (I sometimes take a walk.)
N5,いつも,いつも,いつも,always,itsumo,いつも忙しいです。 (I'm always busy.)
N5,すぐに,すぐに,すぐに,right away,sugu ni,すぐに来ます。 (I'll come right away.)
N5,まだ,まだ,まだ,still / not yet,mada,まだ終わっていません。 (It's not finished yet.)
N5,もう,もう,もう,already,mou,もう食べました。 (I already ate.)
N5,ちょっと,ちょっと,ちょっと,a bit,chotto,ちょっと待ってください。 (Please wait a bit.)
N5,一緒に,いっしょに,一緒[いっしょ]に,together,issho ni,一緒に行きましょう。 (Let's go together.)
N5,全部,ぜんぶ,全部[ぜんぶ],all,zenbu,全部食べました。 (I ate it all.)
N5,大変,たいへん,大変[たいへん],tough / terrible,taihen,仕事が大変です。 (Work is tough.)
N5,本当に,ほんとうに,本当[ほんとう]に,really,hontou ni,本当にありがとう。 (Thank you really.)
N5,初めて,はじめて,初[はじ]めて,for the first time,hajimete,初めて日本へ行きます。 (I'm going to Japan for the first time.)
N5,もっと,もっと,もっと,more,motto,もっと勉強します。 (I'll study more.)
N5,すこし,すこし,少[すこ]し,a little,sukoshi,すこし疲れました。 (I got a little tired.)
N5,だんだん,だんだん,だんだん,gradually,dandan,だんだん寒くなります。 (It's gradually getting cold.)
N5,仕事,しごと,仕事[しごと],work / job,shigoto,仕事が忙しいです。 (Work is busy.)
N5,会社員,かいしゃいん,会社員[かいしゃいん],office worker,kaishain,父は会社員です。 (My father is an office worker.)
N5,医者,いしゃ,医者[いしゃ],doctor,isha,彼は医者です。 (He is a doctor.)
N5,看護師,かんごし,看護師[かんごし],nurse,kangoshi,姉は看護師です。 (My older sister is a nurse.)
N5,警察官,けいさつかん,警察官[けいさつかん],police officer,keisatsukan,警察官に道を聞きました。 (I asked a police officer for directions.)
N5,旅行,りょこう,旅行[りょこう],travel,ryokou,旅行が好きです。 (I like traveling.)
N5,趣味,しゅみ,趣味[しゅみ],hobby,shumi,趣味は読書です。 (My hobby is reading.)
N5,音楽,おんがく,音楽[おんがく],music,ongaku,音楽を聞きます。 (I listen to music.)
N5,映画,えいが,映画[えいが],movie,eiga,映画を見ます。 (I watch a movie.)
N5,歌,うた,歌[うた],song,uta,歌を歌います。 (I sing a song.)
N5,絵,え,絵[え],picture / drawing,e,絵を描きます。 (I draw a picture.)
N5,スポーツ,スポーツ,スポーツ,sports,supootsu,スポーツが好きです。 (I like sports.)
N5,野球,やきゅう,野球[やきゅう],baseball,yakyuu,野球をします。 (I play baseball.)
N5,サッカー,サッカー,サッカー,soccer,sakkaa,サッカーをします。 (I play soccer.)
N5,プール,プール,プール,swimming pool,puuru,プールで泳ぎます。 (I swim in the pool.)
N5,旅館,りょかん,旅館[りょかん],Japanese inn,ryokan,旅館に泊まります。 (I stay at a ryokan.)
N5,切符,きっぷ,切符[きっぷ],ticket,kippu,切符を買います。 (I buy a ticket.)
N5,値段,ねだん,値段[ねだん],price,nedan,値段が高いです。 (The price is high.)
N5,約束,やくそく,約束[やくそく],promise,yakusoku,約束を守ります。 (I keep my promise.)
N5,パーティー,パーティー,パーティー,party,paatii,パーティーに行きます。 (I go to a party.)
N5,プレゼント,プレゼント,プレゼント,present / gift,purezento,プレゼントをもらいました。 (I received a present.)
N5,病気,びょうき,病気[びょうき],sickness,byouki,病気で休みました。 (I was absent due to illness.)
N5,薬,くすり,薬[くすり],medicine,kusuri,薬を飲みます。 (I take medicine.)
N5,熱,ねつ,熱[ねつ],fever,netsu,熱があります。 (I have a fever.)
N5,会議,かいぎ,会議[かいぎ],meeting,kaigi,午後、会議があります。 (There is a meeting in the afternoon.)
N5,番号,ばんごう,番号[ばんごう],number,bangou,電話番号を教えてください。 (Please tell me your phone number.)
N5,地図,ちず,地図[ちず],map,chizu,地図を見ます。 (I look at a map.)
N5,窓口,まどぐち,窓口[まどぐち],counter / window (service),madoguchi,窓口で聞いてください。 (Please ask at the counter.)
N5,上,うえ,上[うえ],on / above,ue,机の上に本があります。 (There is a book on the desk.)
N5,下,した,下[した],under / below,shita,椅子の下に猫がいます。 (There is a cat under the chair.)
N5,中,なか,中[なか],inside,naka,箱の中に何がありますか。 (What is inside the box?)
N5,外,そと,外[そと],outside,soto,外は寒いです。 (It's cold outside.)
N5,前,まえ,前[まえ],front / before,mae,駅の前で待ちます。 (I'll wait in front of the station.)
N5,後ろ,うしろ,後[うし]ろ,behind,ushiro,後ろに立ってください。 (Please stand behind.)
N5,右,みぎ,右[みぎ],right,migi,右に曲がります。 (I turn right.)
N5,左,ひだり,左[ひだり],left,hidari,左に銀行があります。 (There is a bank on the left.)
N5,北,きた,北[きた],north,kita,北海道は北にあります。 (Hokkaido is in the north.)
N5,南,みなみ,南[みなみ],south,minami,南は暖かいです。 (The south is warm.)
N5,東,ひがし,東[ひがし],east,higashi,東に太陽が出ます。 (The sun rises in the east.)
N5,西,にし,西[にし],west,nishi,西に沈みます。 (It sets in the west.)
N5,隣,となり,隣[となり],next to,tonari,隣に座ってください。 (Please sit next to me.)
N5,近く,ちかく,近[ちか]く,nearby,chikaku,近くに公園があります。 (There is a park nearby.)
N5,間,あいだ,間[あいだ],between,aida,二つの建物の間にあります。 (It's between the two buildings.)
N5,横,よこ,横[よこ],side,yoko,横に座ります。 (I sit at the side.)
N5,角,かど,角[かど],corner,kado,その角を曲がります。 (I turn at that corner.)
N5,〜人,にん,〜人[にん],counter for people,-nin,三人来ます。 (Three people are coming.)
N5,〜枚,まい,〜枚[まい],counter for flat objects,-mai,"紙を三枚ください。 (Three sheets of paper, please.)"
N5,〜冊,さつ,〜冊[さつ],counter for books,-satsu,本を二冊買いました。 (I bought two books.)
N5,〜台,だい,〜台[だい],counter for machines,-dai,車が一台あります。 (There is one car.)
N5,〜匹,ひき,〜匹[ひき],counter for small animals,-hiki,猫が二匹います。 (There are two cats.)
N5,〜回,かい,〜回[かい],counter for times,-kai,三回読みました。 (I read it three times.)
N5,〜本,ほん,〜本[ほん],counter for long objects,-hon,鉛筆が五本あります。 (There are five pencils.)
N5,〜杯,はい,〜杯[はい],counter for cups,-hai,コーヒーを一杯飲みます。 (I drink one cup of coffee.)
N5,〜歳,さい,〜歳[さい],counter for age,-sai,二十歳になりました。 (I turned twenty.)
N5,〜階,かい,〜階[かい],counter for floors,-kai,三階に住んでいます。 (I live on the third floor.)
N5,〜円,えん,〜円[えん],yen (currency counter),-en,五百円です。 (It's 500 yen.)
N5,〜分,ふん,〜分[ふん],counter for minutes,-fun,十分かかります。 (It takes ten minutes.)
N5,開く,あく,開[あ]く,to open (by itself),aku,ドアが開きます。 (The door opens.)
N5,閉まる,しまる,閉[し]まる,to close (by itself),shimaru,店が閉まります。 (The shop closes.)
N5,止まる,とまる,止[と]まる,to stop,tomaru,電車が止まります。 (The train stops.)
N5,止める,とめる,止[と]める,to stop (something),tomeru,車を止めます。 (I stop the car.)
N5,動く,うごく,動[うご]く,to move,ugoku,電車が動きます。 (The train moves.)
N5,押す,おす,押[お]す,to push,osu,ボタンを押します。 (I push the button.)
N5,引く,ひく,引[ひ]く,to pull,hiku,ドアを引きます。 (I pull the door.)
N5,曲がる,まがる,曲[ま]がる,to turn,magaru,右に曲がります。 (I turn right.)
N5,渡る,わたる,渡[わた]る,to cross,wataru,橋を渡ります。 (I cross the bridge.)
N5,着く,つく,着[つ]く,to arrive,tsuku,駅に着きました。 (I arrived at the station.)
N5,出発する,しゅっぱつする,出発[しゅっぱつ]する,to depart,shuppatsu suru,九時に出発します。 (We depart at nine.)
N5,着る,きる,着[き]る,to wear (upper body),kiru,コートを着ます。 (I wear a coat.)
N5,脱ぐ,ぬぐ,脱[ぬ]ぐ,to take off (clothes),nugu,靴を脱ぎます。 (I take off my shoes.)
N5,履く,はく,履[は]く,to wear (footwear),haku,靴を履きます。 (I put on shoes.)
N5,かぶる,かぶる,かぶる,to wear (on head),kaburu,帽子をかぶります。 (I wear a hat.)
N5,かける,かける,かける,to wear (glasses) / hang,kakeru,眼鏡をかけます。 (I wear glasses.)
N5,磨く,みがく,磨[みが]く,to polish / brush,migaku,歯を磨きます。 (I brush my teeth.)
N5,触る,さわる,触[さわ]る,to touch,sawaru,手で触ります。 (I touch it with my hand.)
N5,見せる,みせる,見[み]せる,to show,miseru,写真を見せます。 (I show a photo.)
N5,見つける,みつける,見[み]つける,to find,mitsukeru,鍵を見つけました。 (I found the key.)
N5,探す,さがす,探[さが]す,to look for,sagasu,本を探しています。 (I'm looking for a book.)
N5,直す,なおす,直[なお]す,to fix / repair,naosu,時計を直します。 (I fix the clock.)
N5,壊す,こわす,壊[こわ]す,to break (something),kowasu,おもちゃを壊しました。 (I broke the toy.)
N5,壊れる,こわれる,壊[こわ]れる,to break (by itself),kowareru,時計が壊れました。 (The clock broke.)
N5,落とす,おとす,落[お]とす,to drop,otosu,財布を落としました。 (I dropped my wallet.)
N5,落ちる,おちる,落[お]ちる,to fall,ochiru,本が落ちました。 (The book fell.)
N5,上げる,あげる,上[あ]げる,to raise,ageru,手を上げます。 (I raise my hand.)
N5,下げる,さげる,下[さ]げる,to lower,sageru,頭を下げます。 (I lower my head.)
N5,運ぶ,はこぶ,運[はこ]ぶ,to carry,hakobu,荷物を運びます。 (I carry the luggage.)
N5,並ぶ,ならぶ,並[なら]ぶ,to line up,narabu,列に並びます。 (I line up.)
N5,並べる,ならべる,並[なら]べる,to arrange,naraberu,本を並べます。 (I arrange the books.)
N5,集まる,あつまる,集[あつ]まる,to gather (by itself),atsumaru,みんなが集まります。 (Everyone gathers.)
N5,集める,あつめる,集[あつ]める,to collect,atsumeru,切手を集めます。 (I collect stamps.)
N5,包む,つつむ,包[つつ]む,to wrap,tsutsumu,プレゼントを包みます。 (I wrap a present.)
N5,届く,とどく,届[とど]く,to reach / arrive (mail),todoku,荷物が届きました。 (The package arrived.)
N5,届ける,とどける,届[とど]ける,to deliver,todokeru,手紙を届けます。 (I deliver a letter.)
N5,持って行く,もっていく,持[も]って行[い]く,to take (something) along,motte iku,傘を持って行きます。 (I'll take an umbrella.)
N5,持って来る,もってくる,持[も]って来[く]る,to bring,motte kuru,お弁当を持って来ます。 (I'll bring a lunch box.)
N5,連れて行く,つれていく,連[つ]れて行[い]く,to take (someone) along,tsurete iku,子供を連れて行きます。 (I'll take my child along.)
N5,手伝う,てつだう,手伝[てつだ]う,to help,tetsudau,母を手伝います。 (I help my mother.)
N5,頑張る,がんばる,頑張[がんば]る,to do one's best,ganbaru,試験を頑張ります。 (I'll do my best on the exam.)
N5,答える,こたえる,答[こた]える,to answer,kotaeru,質問に答えます。 (I answer the question.)
N5,覚える,おぼえる,覚[おぼ]える,to memorize,oboeru,単語を覚えます。 (I memorize vocabulary.)
N5,直る,なおる,直[なお]る,to be fixed / cured,naoru,病気が直りました。 (The illness got cured.)
N5,治る,なおる,治[なお]る,to heal,naoru,風邪が治りました。 (My cold healed.)
N5,咲く,さく,咲[さ]く,to bloom,saku,花が咲きます。 (The flowers bloom.)
N5,光る,ひかる,光[ひか]る,to shine,hikaru,星が光ります。 (The stars shine.)
N5,鳴る,なる,鳴[な]る,to ring / sound,naru,電話が鳴ります。 (The phone rings.)
N5,戻る,もどる,戻[もど]る,to return / go back,modoru,席に戻ります。 (I return to my seat.)
N5,空く,すく,空[す]く,to become empty,suku,お腹が空きました。 (I got hungry.)
N5,疲れる,つかれる,疲[つか]れる,to get tired,tsukareru,仕事で疲れました。 (I got tired from work.)
N5,太る,ふとる,太[ふと]る,to gain weight,futoru,最近太りました。 (I've gained weight recently.)
N5,痩せる,やせる,痩[や]せる,to lose weight,yaseru,少し痩せました。 (I lost a bit of weight.)
N5,数学,すうがく,数学[すうがく],mathematics,suugaku,数学が苦手です。 (I'm bad at math.)
N5,歴史,れきし,歴史[れきし],history,rekishi,歴史を勉強します。 (I study history.)
N5,科学,かがく,科学[かがく],science,kagaku,科学が好きです。 (I like science.)
N5,地理,ちり,地理[ちり],geography,chiri,地理のテストがあります。 (There's a geography test.)
N5,授業,じゅぎょう,授業[じゅぎょう],class / lesson,jugyou,授業が始まります。 (Class begins.)
N5,留学,りゅうがく,留学[りゅうがく],study abroad,ryuugaku,アメリカに留学します。 (I'll study abroad in America.)
N5,卒業,そつぎょう,卒業[そつぎょう],graduation,sotsugyou,来年、卒業します。 (I'll graduate next year.)
N5,入学,にゅうがく,入学[にゅうがく],school enrollment,nyuugaku,四月に入学します。 (I'll enroll in April.)
N5,パソコン,パソコン,パソコン,personal computer,pasokon,パソコンを使います。 (I use a computer.)
N5,携帯電話,けいたいでんわ,携帯電話[けいたいでんわ],mobile phone,keitai denwa,携帯電話をなくしました。 (I lost my mobile phone.)
N5,インターネット,インターネット,インターネット,internet,intaanetto,インターネットで調べます。 (I look it up on the internet.)
N5,メール,メール,メール,email,meeru,メールを送ります。 (I send an email.)
N5,カメラ,カメラ,カメラ,camera,kamera,カメラで撮ります。 (I take pictures with a camera.)
N5,意味,いみ,意味[いみ],meaning,imi,この言葉の意味は何ですか。 (What is the meaning of this word?)
N5,返事,へんじ,返事[へんじ],reply,henji,返事を書きます。 (I write a reply.)
N5,用事,ようじ,用事[ようじ],errand / business,youji,今日は用事があります。 (I have an errand today.)
N5,予定,よてい,予定[よてい],plan / schedule,yotei,明日の予定は何ですか。 (What are your plans for tomorrow?)
N5,経験,けいけん,経験[けいけん],experience,keiken,いい経験になりました。 (It became a good experience.)
N5,理由,りゆう,理由[りゆう],reason,riyuu,理由を教えてください。 (Please tell me the reason.)
N5,方法,ほうほう,方法[ほうほう],method,houhou,いい方法があります。 (There is a good method.)
N5,最初,さいしょ,最初[さいしょ],the beginning,saisho,"最初に自己紹介します。 (First, I'll introduce myself.)"
N5,最後,さいご,最後[さいご],the end,saigo,最後まで頑張ります。 (I'll do my best to the end.)
N5,両方,りょうほう,両方[りょうほう],both,ryouhou,両方とも好きです。 (I like both.)
N5,半分,はんぶん,半分[はんぶん],half,hanbun,半分食べました。 (I ate half.)
N5,部分,ぶぶん,部分[ぶぶん],part,bubun,この部分が難しいです。 (This part is difficult.)
N5,初め,はじめ,初[はじ]め,beginning,hajime,初めまして。 (Nice to meet you (lit. beginning).)
N5,終わり,おわり,終[お]わり,end,owari,これで終わりです。 (This is the end.)
N5,音,おと,音[おと],sound,oto,変な音が聞こえます。 (I hear a strange sound.)
N5,匂い,におい,匂[にお]い,smell,nioi,いい匂いがします。 (It smells good.)
N5,味,あじ,味[あじ],taste,aji,この料理の味はいいです。 (This dish tastes good.)
N5,形,かたち,形[かたち],shape,katachi,丸い形です。 (It's a round shape.)
N5,大きさ,おおきさ,大[おお]きさ,size,ookisa,大きさが違います。 (The sizes are different.)
N5,速さ,はやさ,速[はや]さ,speed,hayasa,速さが必要です。 (Speed is necessary.)
N5,番組,ばんぐみ,番組[ばんぐみ],TV program,bangumi,面白い番組を見ました。 (I watched an interesting program.)
N5,記事,きじ,記事[きじ],article,kiji,新聞の記事を読みます。 (I read a newspaper article.)
N5,広告,こうこく,広告[こうこく],advertisement,koukoku,テレビの広告を見ました。 (I saw a TV advertisement.)
N5,それから,それから,それから,and then / after that,sorekara,"宿題をして、それから寝ます。 (I'll do homework, and then sleep.)"
N5,そして,そして,そして,and,soshite,"本を読んで、そして寝ました。 (I read a book, and then slept.)"
N5,しかし,しかし,しかし,however,shikashi,"しかし、時間がありません。 (However, there is no time.)"
N5,でも,でも,でも,but,demo,でも、行きたいです。 (But I want to go.)
N5,だから,だから,だから,so / therefore,dakara,雨です。だから傘を持ちます。 (It's raining. So I'll take an umbrella.)
N5,それで,それで,それで,so / and so,sorede,熱がある。それで休みます。 (I have a fever. So I'll rest.)
N5,または,または,または,or,matawa,バスまたは電車で行きます。 (I'll go by bus or train.)
N5,もし,もし,もし,if,moshi,"もし雨が降ったら、休みます。 (If it rains, I'll rest.)"
N5,例えば,たとえば,例[たと]えば,for example,tatoeba,"例えば、りんごやみかんです。 (For example, apples and oranges.)"
N5,特に,とくに,特[とく]に,especially,tokuni,特に夏が好きです。 (I especially like summer.)
N5,やっぱり,やっぱり,やっぱり,as expected / after all,yappari,やっぱり日本語は難しいです。 (Japanese is difficult after all.)
N5,もちろん,もちろん,もちろん,of course,mochiron,もちろん行きます。 (Of course I'll go.)
N5,きっと,きっと,きっと,surely,kitto,きっと大丈夫です。 (It will surely be fine.)
N5,たぶん,たぶん,たぶん,probably,tabun,たぶん雨が降ります。 (It will probably rain.)
N5,ぜひ,ぜひ,ぜひ,by all means,zehi,"ぜひ来てください。 (Please come, by all means.)"
N5,なぜなら,なぜなら,なぜなら,because,nazenara,疲れました。なぜなら働いたからです。 (I'm tired because I worked.)
N5,買い物,かいもの,買[か]い物[もの],shopping,kaimono,買い物に行きます。 (I go shopping.)
N5,お釣り,おつり,お釣[つ]り,change (money),otsuri,お釣りをください。 (Please give me my change.)
N5,レシート,レシート,レシート,receipt,reshiito,レシートをもらいます。 (I get a receipt.)
N5,無料,むりょう,無料[むりょう],free of charge,muryou,これは無料です。 (This is free.)
N5,半額,はんがく,半額[はんがく],half price,hangaku,今日は半額です。 (It's half price today.)
N5,心配,しんぱい,心配[しんぱい],worry,shinpai,心配しないでください。 (Please don't worry.)
N5,安心,あんしん,安心[あんしん],relief,anshin,それを聞いて安心しました。 (I felt relieved to hear that.)
N5,びっくりする,びっくりする,びっくりする,to be surprised,bikkuri suru,その音にびっくりしました。 (I was surprised by that sound.)
N5,驚く,おどろく,驚[おどろ]く,to be astonished,odoroku,ニュースに驚きました。 (I was astonished by the news.)
N5,今度,こんど,今度[こんど],next time,kondo,今度、遊びに来てください。 (Please come visit next time.)
N5,今回,こんかい,今回[こんかい],this time,konkai,今回はうまくいきました。 (This time it went well.)
N5,最近,さいきん,最近[さいきん],recently,saikin,最近、忙しいです。 (I've been busy recently.)
N5,将来,しょうらい,将来[しょうらい],future,shourai,将来、医者になりたいです。 (I want to be a doctor in the future.)
N5,昔,むかし,昔[むかし],long ago,mukashi,"昔、ここは森でした。 (Long ago, this was a forest.)"
N5,次,つぎ,次[つぎ],next,tsugi,次の駅で降ります。 (I get off at the next station.)
N5,前回,ぜんかい,前回[ぜんかい],last time,zenkai,前回より上手です。 (Better than last time.)
N5,普通,ふつう,普通[ふつう],normal / usually,futsuu,普通は電車で行きます。 (I usually go by train.)
N5,一番,いちばん,一番[いちばん],the most / number one,ichiban,これが一番好きです。 (I like this the most.)
N5,大人,おとな,大人[おとな],adult,otona,大人になりました。 (I became an adult.)
N5,性別,せいべつ,性別[せいべつ],gender,seibetsu,性別を書いてください。 (Please write your gender.)
N5,職業,しょくぎょう,職業[しょくぎょう],occupation,shokugyou,職業は何ですか。 (What is your occupation?)
N5,住所,じゅうしょ,住所[じゅうしょ],address,juusho,住所を教えてください。 (Please tell me your address.)
N5,国籍,こくせき,国籍[こくせき],nationality,kokuseki,国籍はどこですか。 (What is your nationality?)
