"Grammar Point","Meaning","Formation","Example (Japanese)","Example (Romaji)","Example (English)","JLPT Level"
"A が いちばん～ (A ga ichiban～)","Express the superlative degree; 'the most', 'the best', 'the least'.","Noun + が + いちばん + Adjective/Verb","この中で、寿司が一番好きです。","Kono naka de, sushi ga ichiban suki desu.","Of all these, I like sushi the most.","JLPT N5"
"A。けれども、～B。(A. Keredomo,~ B.)","Used to express a contrast between two statements. It can be translated as 'but' or 'however'.","Statement A + けれども、+ Statement B","今日は晴れている。けれども、寒いです。","Kyou wa harete iru. Keredo mo, samui desu.","It is sunny today. However, it is cold.","JLPT N5"
"A。しかし、～B。 (A. Shikashi, ~B.)","Expresses contrast or contradiction between two clauses; 'A, but B', 'A, however B'.","Sentence A + しかし + Sentence B.","今日は忙しい。しかし、時間があるなら、コーヒーを飲もう。","Kyou wa isogashii. Shikashi, jikan ga aru nara, koohii o nomou.","I'm busy today. However, if I have time, let's have coffee.","JLPT N5"
"A。じゃ、～B。(A. Ja, ~B.)","Indicates a decision or suggestion; 'well then', 'in that case', 'so'.","A: Sentence, B: Sentence (A and B can be any sentence type)","映画は時間がない。じゃ、また今度行こう。","Eiga wa jikan ga nai. Ja, mata kondo ikou.","There's no time for a movie. Well then, let's go another time.","JLPT N5"
"A。それじゃ、～B。(A. Soreja,~B.)","Connect two sentences; 'A, so/in that case, B'","Sentence A + 。それじゃ、 + Sentence B","今日は休みです。それじゃ、映画を観に行きましょう。","Kyou wa yasumi desu. Soreja, eiga wo mi ni ikimashou.","Today is a day off. In that case, let's go watch a movie.","JLPT N5"
"A。それでは、～B。(A. Soredewa,~B.)","Express a change in situation; 'then', 'in that case', 'so'.","A (Statement) + 。それでは、 + B (Follow-up action or statement)","今日は休みだ。それでは、映画を見に行こう。","Kyou wa yasumi da. Sore dewa, eiga wo mi ni ikou.","Today is a day off. In that case, let's go see a movie.","JLPT N5"
"A。 では、～B。 (A. Dewa, ~B)","Indicates a contrast or comparison between A and B; 'As for A, ~B'.","Noun A + では、 + Subject + Predicate B","果物では、リンゴが一番好きです。","Kudamono dewa, ringo ga ichiban suki desu.","As for fruits, apples are my favorite.","JLPT N5"
"A。でも、～B。(A. Demo, ~B)","Express contrast or a change of situation; 'even though A, B', 'although A, B'.","Clause A + でも, ～Clause B","昨日は寒かった。でも、今日は暖かいです。","Kinou wa samukatta. Demo, kyou wa atatakai desu.","Yesterday was cold. However, today it is warm.","JLPT N5"
"Aと Bと どちら～ (A to B to dochira~)","Used to ask which of two alternatives is preferred or to compare two things","Aと Bと どちら + Verb/Adjective/Noun","りんごとみかんとどちらが好きですか。","Ringo to mikan to dochira ga suki desu ka?","Which do you like, apples or oranges?","JLPT N5"
"AとBと どっち〜 (A to B to docchi〜)","Asking which one; 'which', 'A or B'.","AとBと どっち + Verb, AかBか どっち + Verb","コーヒーと紅茶とどっちが好き？","Koohii to koucha to docchi ga suki?","Which do you like, coffee or tea?","JLPT N5"
"A は B が〜 (A wa B ga〜)","Indicates that there is something unique or different about A and describes what is special about it.","A は (Topic) + B が (Characteristic/Feature) + Description/Action","彼女は髪が長いです。","Kanojo wa kami ga nagai desu.","What's special about her is that she has long hair.","JLPT N5"
"A は B より～ (A wa B yori～)","Express a comparison between A and B; 'A is more/less than B'.","A は B より + Adjective","このジュースはあのジュースより甘いです。","Kono juusu wa ano juusu yori amai desu.","This juice is sweeter than that juice.","JLPT N5"
"A より B のほうが～ (A yori B no hou ga ～)","Used to compare two items; 'B is more ～ than A'.","A + より + B + のほうが + Adjective","ピザよりハンバーガーのほうが美味しい。","Piza yori hanbaagaa no hou ga oishii.","Hamburgers are more delicious than pizza.","JLPT N5"
"い-Adjective く + Verb (i-Adjective + ku + Verb)","Used to connect an い-adjective to a verb, modifying the verb.","い-Adjective (-い) + く + Verb","彼は速く走りました。","Kare wa hayaku hashirimashita.","He ran quickly.","JLPT N5"
"い-Adjective く します (i-Adjective ku shimasu)","Change an い-adjective into a verb; 'to make', 'to become'.","い-Adjective (remove い) + くします","部屋を明るくします。","Heya wo akaruku shimasu.","I will make the room brighter.","JLPT N5"
"い-Adjective く ないます (i-Adjective ku naimasu)","Change an い-adjective into a negative polite form.","い-Adjective (remove い) + くない + ます","このピザは美味しくないです。","Kono piza wa oishiku nai desu.","This pizza is not delicious.","JLPT N5"
"い-Adjective て (i-Adjective + te~)","Used to connect two or more い-adjectives to describe something.","い-Adjective (remove い) + くて + い-Adjective","このリンゴは甘くて美味しいです。","Kono ringo wa amakute oishii desu.","This apple is sweet and delicious.","JLPT N5"
"な-Adjective く Verb (na-Adjective + ku + Verb)","Turn a な-adjective into an adverb to modify a verb.","な-Adjective (without な) + く + Verb","彼は静かく話す。","Kare wa shizuka ku hanasu.","He speaks quietly.","JLPT N5"
"な-Adjective で～ (na-Adjective de~)","Usage of で particle along with a な-adjective","な-Adjective + で","彼は綺麗で優しい女性が好きです。","Kare wa kirei de yasashii josei ga suki desu.","He likes women who are beautiful and kind.","JLPT N5"
"な-Adjective に します (na-Adjective ni shimasu)","Expressing a decision or preference with a な-adjective.","な-Adjective + に + します","静かにします。","Shizuka ni shimasu.","I will be quiet.","JLPT N5"
"な-Adjective に なります (na-Adjective ni narimasu)","Express a change or transformation into a state described by the な-adjective.","な-Adjective + に + なります","暑い日は部屋が暑苦しくなります。","Atsui hi wa heya ga atsuku-narikuniku ni narimasu.","On hot days, the room becomes stuffy.","JLPT N5"
"Noun か Noun か～ (Noun ka Noun ka～)","Expresses choice or alternatives; 'either', 'or'.","Noun1 + か + Noun2 + か～","今日、映画を見るか、散歩するかどちらにしますか？","Kyou, eiga wo miru ka, sanpo suru ka dochira ni shimasu ka?","Will you either watch a movie or go for a walk today?","JLPT N5"
"Noun が できます (Noun ga dekimasu)","Express the ability to do something.","Noun + が + できます","英語ができます。","Eigo ga dekimasu.","I can speak English.","JLPT N5"
"Noun がほしいです (〜ga hoshii desu)","Express a desire or wanting something; 'I want', 'I would like'.","Noun + が + ほしいです","新しい車がほしいです。","Atarashii kuruma ga hoshii desu.","I want a new car.","JLPT N5"
"Noun から Noun まで (Noun kara Noun made)","Expresses a range; 'from...to', 'between...and'.","Noun1 + から Noun2 + まで","朝9時から午後5時まで働きます。","Asa 9 ji kara gogo 5 ji made hatarakimasu.","I work from 9 AM to 5 PM.","JLPT N5"
"Noun くらい～ (Noun kurai～)","Express the extent or degree of something; 'about', 'approximately', 'at least'.","Noun + くらい","この本は三百ページくらいあります。","Kono hon wa sanbyaku peeji kurai arimasu.","This book has about 300 pages.","JLPT N5"
"Noun ぐらい～ (Noun gurai～)","Express an approximate amount or degree; 'about', 'approximately'.","Noun + ぐらい","一日中勉強したので、１０時間ぐらい勉強しました。","Ichinichijuu benkyou shita node, juu jikan gurai benkyou shimashita.","I studied all day, so I studied for about 10 hours.","JLPT N5"
"Noun ごろ～ (Noun + goro～)","Expresses 'around' or 'about' a certain time or age.","Noun + ごろ","昼ごろに電話してください。","Hiru goro ni denwa shite kudasai.","Please call me around noon.","JLPT N5"
"Noun だけ〜 (〜dake)","Indicates 'only', 'just', or 'merely'.","Noun + だけ, Verb-casual + だけ, い-Adjective + だけ, な-Adjective-な + だけ","コーヒーだけ飲んで、帰りました。","Koohii dake nonde, kaerimashita.","I only drank coffee and went home.","JLPT N5"
"Nounで～ (Noun de ~)","Indicate a place or means for an action or situation; 'at, in, on', 'using', or 'by means of'.","Noun + で","図書館で勉強します。","Toshokan de benkyou shimasu.","I study at the library.","JLPT N5"
"Noun と～ (Noun to～)","Express 'with', 'and' or 'together with' when connecting nouns.","Noun1 + と + Noun2","リンゴとバナナを買いました。","Ringo to banana wo kaimashita.","I bought apples and bananas.","JLPT N5"
"Noun に～ (Noun ni～)","Express a specific direction, target or purpose; 'to', 'toward', 'for'","Noun + に","彼女にプレゼントをあげました。","Kanojo ni purezento wo agemashita.","I gave a present to her.","JLPT N5"
"Noun に かえります (Noun ni kaerimasu)","Expresses returning something to its original state, 'to return to', 'to go back to'.","Noun + に + かえります","来週、部屋をきれいにかえります。","Raishuu, heya wo kirei ni kaerimasu.","Next week, I will return the room to a clean state.","JLPT N5"
"Noun に します (Noun ni shimasu)","Express a choice or decision; 'choose', 'decide on'.","Noun + に します","今日の昼ご飯は寿司にします。","Kyou no hirugohan wa sushi ni shimasu.","I'll choose sushi for today's lunch.","JLPT N5"
"Noun に なります (Noun ni narimasu)","Expresses change or becoming something; 'to become', 'to turn into', 'to be'","Noun + に + なります","彼は医者になります。","Kare wa isha ni narimasu.","He will become a doctor.","JLPT N5"
"Noun に 来ます (ni kimasu)","Used to express going to a place for a specific purpose.","Noun + に + Verb (来る / 行く / 帰る)","私は明日図書館に行きます。","Watashi wa ashita toshokan ni ikimasu.","I will go to the library tomorrow.","JLPT N5"
"Noun に 行きます (Noun ni ikimasu)","Used to express going to a location.","Noun + に + 行きます","学校に行きます。","Gakkou ni ikimasu.","I will go to school.","JLPT N5"
"Noun の あとで (Noun no atode)","Expresses the order of events; 'after', 'later than'.","Noun + の + あとで","朝ご飯のあとで、歯を磨きます。","Asagohan no atode, ha wo migakimasu.","After breakfast, I brush my teeth.","JLPT N5"
"Noun の 前に (Noun no mae ni)","Used to describe a location or position 'in front of' a noun","Noun + の + 前に","駅の前にコンビニがあります。","Eki no mae ni konbini ga arimasu.","There is a convenience store in front of the station.","JLPT N5"
"Noun は～ (Noun wa〜)","Used to mark the topic of a sentence; 'as for', 'speaking of'.","Noun + は","私は日本の料理が好きです。","Watashi wa Nihon no ryouri ga suki desu.","As for me, I like Japanese cuisine.","JLPT N5"
"Noun も〜 (Noun mo~)","Indicates that the action or state is the same for multiple items or people; 'also', 'as well'.","Noun + も","私も日本語を勉強しています。","Watashi mo nihongo wo benkyou shiteimasu.","I am also studying Japanese.","JLPT N5"
"Noun や Noun など～ (Noun ya Noun nado)","Lists items or examples but not exhaustive; 'such as', 'like', 'and so on'.","Noun1 + や + Noun2 + など","彼は野菜や果物などを食べるのが好きです。","Kare wa yasai ya kudamono nado o taberu no ga suki desu.","He likes to eat things like vegetables and fruits.","JLPT N5"
"Noun を〜 (Noun wo〜)","The particle を (wo) indicates the direct object of an action (verb) which performs the action on the noun.","Noun + を + Verb","私は本を読みます。","Watashi wa hon wo yomimasu.","I read a book.","JLPT N5"
"Verb た あとで (ta ato de)","Used to indicate an action that takes place after another action.","Verb-た form + あとで","宿題をしたあとで、テレビを見ました。","Shukudai wo shita ato de, terebi wo mimashita.","After doing my homework, I watched TV.","JLPT N5"
"Verb たいです (taidesu)","Express desire or want to do something; 'I want to', 'I would like to'.","る-Verb: Remove る and add たいです, う-Verb: Replace the final verb character with the ～い form and add たいです, Exception: する becomes したいです","私は寿司を食べたいです。","Watashi wa sushi wo tabetai desu.","I want to eat sushi.","JLPT N5"
"Verb て～ (Verb + te～)","A verb conjugation that connects actions or states.","Verb (Group 1) - Replace last syllable with 〜て, Verb (Group 2) - Replace 'る' with 〜て, Verb (Group 3) - する becomes して, くる becomes きて","コーヒーを飲んで、出かけます。","Koohii o nonde, dekakemasu.","After drinking coffee, I will go out.","JLPT N5"
"Verb て います (Verb te imasu)","Express ongoing action or state; 'is doing', 'is doing (continuous)', 'has been doing'.","Verb て-form + います","彼女は今ピアノを弾いています。","Kanojo wa ima piano wo hiteimasu.","She is playing the piano now.","JLPT N5"
"Verb てから～ (〜te kara)","Express a sequence of actions or events; 'after', 'since', 'once'.","Verb-て形 + から","宿題をしてから、テレビを見ました。","Shukudai wo shite kara, terebi wo mimashita.","I watched TV after doing my homework.","JLPT N5"
"Verb て ください (Verb-te kudasai)","A request or command; 'please do'.","Verb-て form + ください","ドアを開けてください。","Doa wo akete kudasai.","Please open the door.","JLPT N5"
"Verb ないで ください (〜naide kudasai)","Used to make a polite request for someone not to do something; 'please don't'.","Verb-ない-form + で ください","タバコを吸わないでください。","Tabako wo suwanaide kudasai.","Please don't smoke.","JLPT N5"
"Verb に かえります (〜ni kaerimasu)","Expresses the action of returning to a previous state or condition.","Verb-stem + に かえります","冷蔵庫に入れると、溶けたアイスクリームは固まるにかえります。","Reizouko ni ireru to, toketa aisukurīmu wa katamaru ni kaerimasu.","When put back in the refrigerator, the melted ice cream will return to being solid.","JLPT N5"
"Verb に 来ます (Verb ni kimasu)","Expresses the purpose of coming to a place; 'come to (do something)'.","Verb stem + に きます","友達に会いに来ました。","Tomodachi ni ai ni kimashita.","I came to meet my friend.","JLPT N5"
"Verb に 行きます (Verb ni ikimasu)","To go (somewhere) for the purpose of doing an action.","Verb-Dictionary form + に 行きます","公園に遊びに行きます。","Kouen ni asobi ni ikimasu.","I will go to the park to play.","JLPT N5"
"Verb ましょう (mashou)","Making a suggestion or invitation; 'let's' or 'shall we'.","Verb-stem + ましょう","一緒に映画を見ましょう。","Issho ni eiga wo mimashou.","Let's watch a movie together.","JLPT N5"
"Verb ましょうか。 (〜mashou ka.)","Used to make a polite suggestion or offer help; 'shall we', 'should we', 'do you want me to'.","Verb-ます-form (without ます) + ましょうか","一緒に映画を見に行きましょうか。","Issho ni eiga wo mi ni ikimashou ka.","Shall we go to see a movie together?","JLPT N5"
"Verb ませんか。 (Verb-masenka)","An invitation or suggestion; 'won't you', 'why don't you', 'shall we'.","Verb-ます form + ませんか","一緒に映画を見ませんか。","Issho ni eiga wo mimasenka.","Won't you watch a movie together with me?","JLPT N5"
"Verb ること～ (〜ru koto)","Express an action or event as a noun; 'the act of', 'doing'.","Verb-dictionary (ru-)form + こと","泳ぐことが大好きです。","Oyogu koto ga daisuki desu.","I love the act of swimming.","JLPT N5"
"Verb る こと が できます (ru koto ga dekimasu)","Express the potential form, or the ability to do something.","Verb[る] + ことができます","この問題を解くことができます。","Kono mondai o toku koto ga dekimasu.","I can solve this problem.","JLPT N5"
"Verb る こと ができる (ru koto ga dekiru)","Expresses the potential form; 'can', 'be able to', 'is possible'.","Verb-る + ことができる","この問題を解くことができる？","Kono mondai o toku koto ga dekiru?","Can you solve this problem?","JLPT N5"
"Verb る の～ (Verb + ru + no~)","Used to express the purpose or reason for doing an action.","Verb-る + の + expression","買い物をするために、銀行でお金をおろすの。","Kaimono o suru tame ni, ginkou de okane o orosu no.","I will withdraw money from the bank to go shopping.","JLPT N5"
"Verb る 前に (ru mae ni)","Used to express 'before' in a sense of an action must be done before another action happens or 'before' something happens.","Verb-る + 前に","出かける前に、部屋を掃除してください。","Dekakeru mae ni, heya o souji shite kudasai.","Please clean the room before leaving.","JLPT N5"
"あまり～ありません (amari ~ arimasen)","Express 'not very', 'not much', or 'not really' when describing a negative state or situation.","あまり + Verb-ないform + ありません, あまり + い-Adjective + ありません, あまり + な-Adjective/ない-form(Noun) + ありません","彼はあまり疲れていません。","Kare wa amari tsukareteimasen.","He is not really tired.","JLPT N5"
"あまり～ないです (amari ~ nai desu)","Express 'not really' or 'not very'; used to soften a negative statement.","あまり + Verb-ないform + です, あまり + い-Adjective-ない form + です, あまり + な-Adjective-じゃない form + です","あまり食べないです。","Amari tabenai desu.","I don't really eat much.","JLPT N5"
"～あります (〜arimasu)","Indicate possession or existence of inanimate objects or animals; 'there is', 'there are'.","Object + が + あります","教室に机があります。","Kyoushitsu ni tsukue ga arimasu.","There is a desk in the classroom.","JLPT N5"
"～いかがですか。 (〜ikaga desu ka.)","A polite way to ask someone's thoughts, opinions, or preferences; 'how about', 'how is'.","Noun + は + いかがですか, Verb-te form + いかがですか","お茶はいかがですか？","Ocha wa ikaga desu ka?","How about some tea?","JLPT N5"
"いくつ～ (ikutsu~","Used to express 'how many' or ask for the number of something.","いくつ + Noun (optional)","いくつリンゴがありますか？","Ikutsu ringo ga arimasu ka?","How many apples are there?","JLPT N5"
"いつか～ (itsuka～)","Indicates an unspecified point in time; 'someday', 'one day', 'at some point'.","いつか + sentence","いつか日本に行きたいです。","Itsuka Nihon ni ikitai desu.","I want to go to Japan someday.","JLPT N5"
"いつでも～ (itsudemo～)","Expresses 'anytime', 'always', or 'whenever'.","いつでも is used as an adverb before the verb or adjective it modifies.","いつでも遊びに来てください。","Itsudemo asobi ni kite kudasai.","Please come to play anytime.","JLPT N5"
"いつも～ (itsumo～)","Expressing 'always' or 'usually' in a sentence.","いつも + Verb, いつも + い-Adjective, いつも + な-Adjective, いつも + Noun","彼はいつも遅刻します。","Kare wa itsumo chikoku shimasu.","He is always late.","JLPT N5"
"～います (〜imasu)","Expresses the present continuous or ongoing action; 'to be doing', 'currently doing'.","る-verb: drop る, add ています, う-verb: change last syllable to its て form, add います, Irregular verbs: refer to specific conjugation rules","今、音楽を聞いています。","Ima, ongaku wo kiiteimasu.","I am listening to music right now.","JLPT N5"
"～が (〜ga)","Particle indicating the subject of a sentence or expressing 'but'.","Noun + が, い-Adjective + が, な-Adjective + が, Verb + が","私が学生です。","Watashi ga gakusei desu.","I am a student.","JLPT N5"
"～が、～ (〜ga, 〜)","Express a contrast between two sentences; 'but', 'however'.","Sentence 1 + が、+ Sentence 2","デザートは美味しいが、カロリーが高い。","Dezaato wa oishii ga, karorii ga takai.","The dessert is delicious, but it is high in calories.","JLPT N5"
"～から、～ (〜kara、～)","Expresses reason or cause; 'because', 'since', 'so'.","Verb-casual + から, い-Adjective + から, な-Adjective + だから, Noun + だから","明日は試験があるから、今晩勉強しなければなりません。","Ashita wa shiken ga aru kara, konban benkyou shinakereba narimasen.","Because I have an exam tomorrow, I must study tonight.","JLPT N5"
"～からです (〜kara desu)","Express the reason or cause; 'because', 'since', 'due to'.","Verb-casual + からです, い-Adjective + からです, な-Adjective + ですからです, Noun + ですからです","寒いからです、コートを着ています。","Samui kara desu, kooto wo kiteimasu.","I am wearing a coat because it is cold.","JLPT N5"
"～から もらいます (〜kara moraimasu)","To receive something or get someone to do something.","Noun + から + Verb-て form + もらいます","友達からプレゼントをもらいました。","Tomodachi kara purezento wo moraimashita.","I received a present from my friend.","JLPT N5"
"～が 私に くれます (〜ga watashi ni kuremasu)","Used to express that someone gives a gift or favor to 'me'; 'someone gives me'.","Person + が + (Sth or Action) + 私に + くれます","彼がプレゼントを私にくれました。","Kare ga purezento wo watashi ni kuremashita.","He gave me a present.","JLPT N5"
"～けど、～ (〜kedo、～)","Used to connect two clauses; 'but', 'however', 'although'","Verb-casual + けど, い-adjective + けど, な-adjective + だけど, Noun + だけど","授業に出たけど、まだ宿題をしないと。","Jugyou ni deta kedo, mada shukudai wo shinai to.","I attended the class, but I still have to do my homework.","JLPT N5"
"～けれど、～ (〜keredo、～)","Expresses a contrast or contradiction; 'but', 'however', 'even though'.","Verb-casual + けれど, い-Adjective + けれど, な-Adjective + だけれど, Noun + だけれど","今日は寒いけれど、散歩に行きます。","Kyou wa samui keredo, sanpo ni ikimasu.","Even though it's cold today, I'll go for a walk.","JLPT N5"
"こちら～ (kochira～)","Refers to a person, place or thing; 'this', 'this one', 'this way', 'here'.","こちら, こちら + の + Person","こちらは田中さんです。","Kochira wa Tanaka-san desu.","This is Mr./Ms. Tanaka.","JLPT N5"
"さっき～ (sakki～)","Refers to a short time ago or just now.","さっき + verb, さっき + phrase","さっき電話がありました。","Sakki denwa ga arimashita.","There was a phone call just now.","JLPT N5"
"すぐに～ (sugu ni～)","Immediately or right away; used to express promptness or quickness.","すぐに + Verb/Adjective","友達が来たら、すぐに電話をかけてください。","Tomodachi ga kitara, sugu ni denwa wo kakete kudasai.","When my friend arrives, please call me right away.","JLPT N5"
"ぜんぜん～ (zenzen～)","Used to express 'not at all' or 'completely' in negative sentences.","ぜんぜん + Verb-negative, ぜんぜん + い-Adjective-negative, ぜんぜん + な-Adjective-negative, ぜんぜん + Noun + じゃない","彼はぜんぜん話さない。","Kare wa zenzen hanasanai.","He doesn't talk at all.","JLPT N5"
"そして、～ (soshite、～)","Used to connect two sentences; 'and then', 'and'.","Sentence 1 + そして + Sentence 2","朝起きて、そして宿題をしました。","Asa okite, soshite shukudai wo shimashita.","I woke up in the morning and then I did my homework.","JLPT N5"
"そちら～ (sochira～)","Indicates a direction or a person further away from both the speaker and listener; 'that way', 'that person'.","そちら can be used as standalone or within a sentence.","そちらのレストランはどうですか？","Sochira no resutoran wa dou desu ka?","How is that restaurant over there?","JLPT N5"
"それから、～ (sorekara、～)","Meaning 'after that', 'and then' or 'then', indicating sequence of events.","Clause 1 + それから + Clause 2","コーヒーを飲んで、それから家を出ました。","Kōhī o nonde, sorekara ie o demashita.","I drank coffee, and then I left the house.","JLPT N5"
"だいたい〜 (daitai〜)","Expresses 'roughly', 'approximately', or 'almost'.","だいたい + Number/Amount/Percentage","だいたい１００人がパーティーに参加しました。","Daitai hyaku nin ga paatii ni sanka shimashita.","Approximately 100 people attended the party.","JLPT N5"
"たいてい～ (taitei～)","Used for expressing 'usually', 'mostly', or 'generally'.","たいてい + Verb/い-Adjective/な-Adjective/Noun","たいてい朝８時に起きます。","Taitei asa hachi-ji ni okimasu.","I usually wake up at 8 o'clock in the morning.","JLPT N5"
"だから、～ (dakara、～)","Expresses a reason or cause; 'because', 'so', 'therefore'.","Verb-casual + だから, い-Adjective + だから, な-Adjective + だから, Noun + だから","雨が降っているだから、傘を持って行きましょう。","Ame ga futte iru dakara, kasa wo motte ikimashou.","Because it is raining, let's bring an umbrella.","JLPT N5"
"～たり、～たり します (〜tari, 〜tari shimasu)","Used to list multiple actions or states; 'do things like', 'and'.","Verb-casual-past + たり + Verb-casual-past + たり + します","休日には、映画を見たり、友達と遊んだりします。","Kyuujitsu niwa, eiga wo mitari, tomodachi to asondari shimasu.","On holidays, I do things like watch movies and hang out with friends.","JLPT N5"
"だれ～ (dare～)","Asking 'who' in a sentence, used to inquire about someone's identity or to clarify who is being referred to.","だれ + appropriate particle (が, は or を)","だれがその本を買いましたか。","Dare ga sono hon o kaimashita ka.","Who bought that book?","JLPT N5"
"だれか〜 (dareka〜)","Indicates 'someone' or something done or possessed by 'someone'.","だれか + Verb, だれか + Adjective, だれか + Noun","だれかがドアをノックしました。","Dareka ga doa wo nokku shimashita.","Someone knocked on the door.","JLPT N5"
"だれでも～ (dare demo～)","Used to express 'anyone' or 'everyone'; 'no matter who'.","だれでも + Verb/Adjective/Noun","だれでもこのゲームができます。","Dare demo kono geemu ga dekimasu.","Anyone can play this game.","JLPT N5"
"だれも～ないです (dare mo ~ nai desu)","Express 'nobody' or 'no one' in a negative sentence.","だれも + Verb-negative form (ないです), だれも + い-Adjective-negative form (ないです), だれも + な-Adjective-negative form (じゃないです)","だれも知らないです。","Daremo shiranai desu.","Nobody knows.","JLPT N5"
"だれも～ません (daremo ~masen)","Express 'nobody' or 'no one' in negative sentences.","だれも + Verb-negative","だれも秘密を知りません。","Daremo himitsu wo shirimasen.","No one knows the secret.","JLPT N5"
"～どう しますか。 (～dou shimasu ka.)","Asking for someone's opinion or decision; 'what will you do?', 'how will you handle it?'.","Situation + どうしますか","雨が降っているので、どうしますか？","Ame ga futte iru node, dou shimasu ka?","It's raining, so what will you do?","JLPT N5"
"～どうですか。 (〜dou desu ka.)","Asking for opinions or suggestions; 'how about', 'what do you think of'.","Noun + は/が + どうですか, Verb-casual + の + どうですか, い-Adjective + どうですか, な-Adjective + な + どうですか","この映画はどうですか？","Kono eiga wa dou desu ka?","How about this movie? / What do you think of this movie?","JLPT N5"
"どうやって～ (douyatte～)","Ask 'how' something is done or how to do something.","どうやって + Verb-casual","どうやってお寿司を作りますか？","Douyatte o-sushi wo tsukurimasu ka?","How do you make sushi?","JLPT N5"
"～どう 言いますか。 (〜dou iimasu ka.)","Asking for the way to say something; 'how do you say'.","Word/Phrase + は [language]でどう言いますか、 Word/Phrase + をどう言いますか","「ありがとう」は英語でどう言いますか。","「Arigatou」wa eigo de dou iimasu ka.","How do you say 'thank you' in English?","JLPT N5"
"～とき (〜toki)","Expresses the time when something happens, 'when', 'at the time'.","Verb-casual + とき, い-Adjective + とき, な-Adjective + なとき, Noun + のとき","公園で遊ぶとき、帽子をかぶりましょう。","Kouen de asobu toki, boushi wo kaburimashou.","When playing in the park, let's wear a hat.","JLPT N5"
"ときどき～ (tokidoki～)","Used to indicate the frequency of an event; 'sometimes', 'occasionally', 'now and then'.","ときどき + Verb/Adjective/Noun","彼はときどきケーキを作ります。","Kare wa tokidoki keeki o tsukurimasu.","He sometimes makes cakes.","JLPT N5"
"どこ～ (doko～)","Express 'where', used with question words for asking about locations.","どこ + question particle","駅はどこですか？","Eki wa doko desu ka?","Where is the station?","JLPT N5"
"どこか～ (dokoka～)","Expresses 'somewhere', used when the specific location is unknown or uncertain.","どこか + (Particle, if needed) + Verb/Noun/Adjective","どこかで財布をなくしました。","Dokoka de saifu wo nakushimashita.","I lost my wallet somewhere.","JLPT N5"
"どこでも～ (dokodemo～)","Express 'anywhere' or 'everywhere' in Japanese.","Simply use the word どこでも in the sentence as an adverb to indicate 'anywhere' or 'everywhere'.","どこでも好きな場所で勉強できます。","Dokodemo sukina basho de benkyou dekimasu.","You can study anywhere you like.","JLPT N5"
"どこにも + Verb + ないです (doko ni mo + Verb + nai desu)","Express that an action cannot be performed anywhere or something cannot be found anywhere.","どこにも + Verb in ない-form + です","どこにも傘が売ってないです。","Doko ni mo kasa ga uttenai desu.","Umbrellas are not sold anywhere.","JLPT N5"
"どこにも + Verb + ません (doko ni mo + Verb + masen)","Express 'not anywhere' or 'nowhere' with a negative verb.","どこにも + Verb-negative","どこにもあの猫がいません。","Doko ni mo ano neko ga imasen.","The cat is not anywhere.","JLPT N5"
"どこへも Verb ないです (doko e mo + Verb + nai desu)","Express that an action doesn't take place anywhere; 'nowhere', 'not anywhere'.","どこへも + Verb in negative form (ないです)","今週末どこへも行かないです。","Konshuu matsu doko e mo ikanai desu.","I'm not going anywhere this weekend.","JLPT N5"
"どこへも Verb ません (doko e mo + Verb + masen)","Nowhere; Not to any place","どこへも + Verb-negative","今日はどこへも行きません。","Kyou wa doko e mo ikimasen.","I won't go anywhere today.","JLPT N5"
"どこも Verb ないです (dokomo + Verb + naidesu)","Express that something cannot be found anywhere or in any place; 'nowhere', 'in no place'.","どこも + Verb-negative","どこもうちわがないです。","Dokomo uchiwa ga naidesu.","I can't find fans anywhere.","JLPT N5"
"どこも Verb ません (dokomo + Verb + masen)","Express that 'nowhere' meets the verb action; 'nowhere does/can'.","どこも + Verb-ます form + ません","どこも静かじゃありません。","Doko mo shizuka ja arimasen.","Nowhere is quiet.","JLPT N5"
"どちら～ (dochira～)","Used to ask about two choices or options.","どちら + が/を + verb, どちら + が/を + adjective, どちら + が/を + noun","この二つのリンゴ、どちらが美味しいですか？","Kono futatsu no ringo, dochira ga oishii desu ka?","Which of these two apples is delicious?","JLPT N5"
"どなた～ (donata～)","A polite way to ask 'who', used for asking about someone's identity or when seeking information about an unknown person.","どなた","すみません、どなたが山田さんですか？","Sumimasen, donata ga Yamada-san desu ka?","Excuse me, who is Mr. Yamada?","JLPT N5"
"どの Noun (dono Noun)","Expresses 'which'; used to ask about specific items within a group.","どの + Noun","どの本が一番面白いですか。","Dono hon ga ichiban omoshiroi desu ka.","Which book is the most interesting?","JLPT N5"
"どれでも～ (dore demo～)","Indicates 'any' or 'whichever' when referring to multiple items.","どれ + でも","どれでもいいですか？","Dore demo ii desu ka?","Is any choice okay?","JLPT N5"
"どんな Noun (donna)","Used to ask or describe 'what kind' or 'what type' of something.","どんな + Noun","どんな音楽が好きですか？","Donna ongaku ga suki desu ka?","What kind of music do you like?","JLPT N5"
"なに～ (nani~)","Asking about 'what' or 'which' in Japanese","Verb + なに, い-Adjective + なに, な-Adjective + なに, Noun + なに","これはなにですか。","Kore wa nani desu ka?","What is this?","JLPT N5"
"なにか～ (nanika～)","Indicates 'something' or 'some kind of'.","なにか + Noun","なにか飲み物を持ってきてください。","Nanika nomimono wo motte kite kudasai.","Please bring some kind of drink.","JLPT N5"
"なにも～ないです (nani mo~nai desu)","Used to express 'not any' or 'nothing' in a negative sentence.","なにも + Verb-negative","彼はなにも言わなかったです。","Kare wa nani mo iwanakatta desu.","He didn't say anything.","JLPT N5"
"なにも～ません (nanimo~masen)","Used to express 'not anything', 'nothing'.","なにも + Verb-ます form + ません","昨日はなにも食べませんでした。","Kinou wa nanimo tabemasen deshita.","I didn't eat anything yesterday.","JLPT N5"
"なん～ (nan~)","Used to form interrogative questions and emphasize the question word for 'what', 'how'.","なん + Counter, なん + Verb, なん + Adjective","あなたはなん歳ですか？","Anata wa nan-sai desu ka?","How old are you?","JLPT N5"
"なんで～ (nande～)","Asking the reason or cause; 'why', 'how come'.","なんで + [phrase or sentence]","なんで遅れたの？","Nande okureta no?","Why were you late?","JLPT N5"
"なんでも～ (nandemo～)","Means 'any', 'anything', 'anyone'.","なんでも + Verb, なんでも + Adjective, なんでも + Noun","なんでも食べられるから、何を頼んでも大丈夫です。","Nandemo taberareru kara, nani wo tanondemo daijoubu desu.","I can eat anything, so it's okay to order whatever you want.","JLPT N5"
"～なんと 言いますか。 (〜nan to iimasu ka.)","Asking how something is called or referred to; 'how do you say'","Noun + は/が + なんと言いますか","この花はなんと言いますか。","Kono hana wa nan to iimasu ka.","How do you say this flower?","JLPT N5"
"～に あげます (〜 ni agemasu)","Used to express giving something to someone; 'give', 'offer'.","Receiver + に, Object + を, Verb-ます-form (あげます)","私は友達に本をあげました。","Watashi wa tomodachi ni hon wo agemashita.","I gave a book to my friend.","JLPT N5"
"～に もらいます (〜ni moraimasu)","To receive something or some action from someone; 'to get', 'to receive'.","Giver + に + Verb-te form + もらいます","友達にプレゼントをもらいました。","Tomodachi ni purezento wo moraimashita.","I received a gift from my friend.","JLPT N5"
"～の (〜no)","Express possession, apposition, or description using 'of' or 'or'.","Noun1 + の + Noun2, い-Adjective + の + Noun, な-Adjective + の + Noun","これは私の鞄です。","Kore wa watashi no kaban desu.","This is my bag.","JLPT N5"
"～はたいへんです (〜wa taihen desu)","Express that something is difficult or tough.","Noun + はたいへんです","漢字を覚えるのはたいへんです。","Kanji o oboeru no wa taihen desu.","It is difficult to remember kanji.","JLPT N5"
"ほとんど〜 (hotondo〜)","Used to express 'almost', 'nearly', or 'most'.","ほとんど + Verb, ほとんど + Noun","彼女はほとんど英語を話せません。","Kanojo wa hotondo eigo o hanasemasen.","She can hardly speak English.","JLPT N5"
"まあまあ～ (maa maa～)","Expresses something as 'so-so', 'not bad', or 'average'.","Used as an adverb with no need for additional grammar structures.","彼の料理の腕前はまあまあです。","Kare no ryouri no udemae wa maa maa desu.","His cooking skills are so-so.","JLPT N5"
"まだ〜 (mada〜)","Indicates something has not yet happened or is still happening; 'still', 'not yet'.","まだ + Verb (in non-past, negative non-past or te-form), まだ + い-adjective, まだ + な-adjective + じゃない/ではない, まだ + Noun + じゃない/ではない","昼ご飯はまだ食べていません。","Hirugohan wa mada tabete imasen.","I haven't eaten lunch yet.","JLPT N5"
"まだ〜ないです (mada 〜 nai desu)","Expresses that something has not happened or been done yet.","まだ + Verb-negative + です","まだ宿題をしていないです。","Mada shukudai wo shite inai desu.","I haven't done my homework yet.","JLPT N5"
"まだ～ません (mada ~masen)","Expresses that something has not happened or been done yet.","まだ + Verb-ます form (negative)","昼ご飯をまだ食べていません。","Hirugohan wo mada tabeteimasen.","I have not eaten lunch yet.","JLPT N5"
"もう～ (mou～)","Expresses 'already', 'anymore', or 'soon'.","もう + Verb, もう + Adjective, もう + Noun","もう昼ごはんを食べました。","Mou hirugohan o tabemashita.","I already ate lunch.","JLPT N5"
"もうすぐ〜 (mou sugu~)","Express an action or event happening soon; 'soon', 'in a short while', 'almost'.","もうすぐ + Verb (~ます form or 〜る form)","もうすぐ春が来ます。","Mou sugu haru ga kimasu.","Spring is coming soon.","JLPT N5"
"もっと〜 (motto〜)","Expresses 'more' or 'even more' when describing a quantity, frequency, or degree.","もっと + Verb / い-Adjective / な-Adjective","もっと勉強しなければなりません。","Motto benkyou shinakereba narimasen.","I have to study more.","JLPT N5"
"よく～ (yoku ~)","Often used to express 'doing something well' or 'often'","よく + Verb-casual","彼はよく勉強します。","Kare wa yoku benkyou shimasu.","He studies often.","JLPT N5"
"～（場所）に～があります (〜basho ni 〜 ga arimasu)","Express the existence or presence of something in a place.","Place + に + Object/Thing + が + あります","図書館にたくさんの本があります。","Toshokan ni takusan no hon ga arimasu.","There are many books in the library.","JLPT N5"
